UID,growth_stage
F3LbWkZq,3.9385986
6P4wLVzI,3.8531494
Tn6HIrdS,2.9055176
EYM5R1TK,4.0281982
fkcevlA0,5.0168457
QumzsyqU,3.8354492
I5axlwYR,3.0299072
C95wnKFx,1.9934692
79kzEdvF,3.5430908
YSCVBnkr,3.6289062
Zmw5jCv8,3.058838
a1dESxDL,6.8952637
yxR8khFG,3.819458
qiAeBInp,2.687622
nlsuxPb1,3.5067139
QipL41yR,2.0437012
ez51RTAd,2.1082764
OHs5wU4D,3.9173584
8mAFW0O5,4.2095947
h1q6dJaE,2.9746094
lzbf64tR,3.0708008
fbFrvuMy,4.847168
YL9uPlKQ,4.179077
3fmyxTPW,4.916992
TRiWtzmH,3.8712158
ea5vKYbg,3.2714844
ev4J9Znk,3.0179443
JlzBWAiQ,6.8530273
02r3NCOn,3.9892578
5yzDhIG9,2.0098267
uFov7HMj,2.0321045
Mdbf7phC,4.5161133
XEqn72xH,4.9519043
yOpjAIEd,3.9699707
csKGjRnZ,3.9364014
sLmqi4MF,3.4442139
n4x93S0A,4.09375
cjLbHRd2,2.0222168
5yBodArn,3.008789
2RJg5kn1,6.395996
yF85wofa,2.9730225
WEzAFuQd,3.1385498
u8X70MTq,3.928955
0BhesCpG,6.835449
d5gMpF8s,2.9802246
qOXf7gQG,5.355713
SHIy1VBR,3.9406738
AiDCWG4w,2.9833984
aVItZUgv,2.9968262
TEpU9c0h,3.9611816
pBvjka2l,3.036255
fA9P6aYp,3.0177002
ArLekHmw,3.9864502
dx9zDI1e,4.4832764
7K5V1qG4,3.8757324
boG3WrF7,4.038574
R2GBX9wI,4.913086
XrOI6yVi,3.9381104
eclVvtOL,2.9736328
GsXZT1Hu,4.0183105
SiyhPHu5,3.984253
98yimZvV,4.0632324
dx2tF06s,2.291626
EYvnWRTh,3.8917236
KGhCX2oB,3.9632568
tldHprfI,4.2160645
x5hbDg1Y,4.0877686
RYdI3Cya,3.9222412
WNJweB4n,2.0019531
OQoNfCxV,4.01709
bjGUWPe1,3.01062
UtNC8AL1,6.885254
YWLtgXcQ,3.2635498
Xd2xPqn7,2.0545654
LVC04ANW,2.010376
LJ8AaeO6,2.6190186
GZvLNXSI,3.8670654
naiN5fbQ,6.7268066
KMi2kNm4,2.9770508
sWr8Zvl2,2.6947021
5wsJPzrh,3.0098877
DZpvzFb2,3.637329
RKNUVDeX,5.1101074
6N5XgjhW,3.3867188
OX9beHvY,3.8842773
buWisBrV,2.8842773
7of35Qmn,3.0786133
9N5UQmr2,3.6663818
Iap5Fkeq,3.1473389
pukYiMEN,3.9698486
Z2Sf803X,4.1727295
taWmpYMU,6.0290527
kHWwU7nd,3.7425537
kqSXD47h,3.0665283
pQeSBWNw,2.1157837
pOQhoCkw,6.8496094
pPZKThN5,3.316162
uLfYIlD6,4.239258
c2zkC7AD,4.0463867
gUMoeSmx,2.0020752
m0GrH6Qu,3.159546
XpThrgWz,6.840332
K7NB9DTQ,2.9454346
YujpNm58,2.0532227
0GRH81Ev,3.894043
vyZBw8WL,3.9638672
uGBiYKVX,2.9797363
jmOu8DPN,3.2434082
0Zp6G1zs,2.062622
VLvsAB8F,3.0179443
FcMpiv4n,3.0844727
erSItOf1,4.097534
4QXUpDVk,4.11792
f6tXCglR,3.918457
sVtrXnpY,3.9401855
VKaq96EM,2.0489502
D6dw8UaW,4.0061035
uby8XZgs,3.9615479
OAx5qNTG,3.4375
PFyoJOdT,3.724121
1rhsHvSO,3.378296
oaEKXJ4f,5.227051
mOZfMR50,5.130371
xHe0nRLq,2.0422363
B1KLFaCp,2.8168945
9xI2MwDG,3.1271973
nMOl7Js2,6.934082
pblEtqOz,3.9364014
IMyaU8WK,4.142212
MyJTuOUe,6.409912
IWFw1sHo,2.7719727
65cdV1b4,3.2963867
qlXUI5Hh,2.0357056
S2UGg4IN,2.1308594
9pK6zYu4,3.87146
K0fpXvQA,4.2507324
gNWqte1i,6.70874
HFnQZu5t,3.8192139
KlVa4s2d,2.897583
oGWwB125,2.0286865
dY9xXJIf,2.9307861
KIfDXFN7,3.5926514
M5La7dTH,2.0327148
yat5IxlF,1.9971313
7cHqVYEa,5.592041
XTUm4pk9,3.956787
pfsIehvA,2.911255
kixnBarj,2.9527588
j4AbTcna,2.5860596
BtifD0PE,5.866699
R0viFJGM,4.243408
MeCwnSEy,5.1845703
prnh2i4F,2.8057861
ErwHC7f5,2.3494873
rNI1anAU,3.0096436
QD3LgpiB,4.0793457
9caYEKud,3.987671
4caw69d8,3.2833252
jrqAldxh,3.9433594
vb159dek,3.845581
RpzD1ZHg,2.3432617
iGfhc9Nk,3.027832
RS9fIzCG,2.508667
GPWkxtag,3.9830322
4B8JY9sm,2.8548584
b2O1WTqZ,4.2052
rOt4IsbF,4.0614014
ZO4tqAE2,2.5092773
WDvz8Caq,4.027588
ajgx0Fht,2.5957031
LvQq7FZE,4.0058594
e8OpGTLl,3.0245361
hZ8qSVrc,3.5672607
XABOH41b,4.0021973
iofzl16n,3.9904785
ZYdt4igv,2.3239746
BRUx6jSV,3.5523682
KVW6gpm0,1.9920654
x6SfnMrI,4.7333984
R93zSUNI,2.295166
9KyDL5HJ,2.0141602
AdDZ3TaQ,2.2322998
rxGSm1Cw,2.8380127
xEMCuJg1,4.014038
MN7V0SaA,3.8411865
gbluswdc,3.8878174
ZJAeF7bT,2.9971924
Dvpu59lP,3.0379639
oZ17Eqdc,2.9333496
CUNu4nQy,3.970581
obgEa68r,2.0441895
OLpr4u5v,3.4766846
LetmgyG8,3.3275146
Rba6Ipqo,3.8712158
8gj6d5tP,6.876953
owkGm6SJ,6.01001
M7UipCyV,3.9364014
OP8fD7cx,2.432129
exUJsrAp,4.713135
pndgP9cz,3.9732666
N1MwKcgS,4.3686523
36HRe2yU,3.12854
7JqzXnV5,3.980835
eOBlz6Tx,2.0544434
mCQudEx8,3.9798584
hB3slnQ9,3.76062
J9rKe3RY,3.9332275
YaHUr12R,3.79187
RDQqK9yi,3.1889648
ZezgDxoy,3.008545
rLdTfPZW,2.3677979
7Ikq32Hf,4.476074
FNEceJ9a,6.709717
1kHrP68J,5.2092285
icERW2QO,6.890381
JRPqaNtd,5.994385
sN59jCiY,4.4470215
PhfGVOi1,2.9621582
NXs6SuIC,5.172119
0ESY7mwz,3.9771729
3zNAKol6,3.0510254
kyERJ2DY,6.8530273
iuZelR5S,4.013916
FuMcY6pP,4.0288086
w74LHVxm,4.2904053
MRboJDF8,3.934204
6MgFcdfH,6.879883
YoPSEiU8,2.7685547
VAMTCleY,3.972046
TOAlPEv1,2.0327148
kzAVvWMJ,4.5439453
ViwUTzIF,3.5335693
Wz7NcZK8,6.862549
a7BQlZNJ,4.0354004
dobCW3qh,3.0839844
T9rKfZdD,5.142334
f4hGKnd5,4.100952
b4SQJ9BX,5.7231445
SC0Wix53,3.9753418
Acy8qgvn,3.090332
KiXArfSd,3.9677734
rHZRGaId,2.14917
WTKt7cEh,3.8830566
gLIZuaNz,2.0379639
vOWpCrwy,4.871826
4wmTpFl0,3.4331055
roxOB1Xu,2.5438232
M6TS2wWk,3.946289
BTKVM3E2,3.0054932
yR7K6zEY,6.796631
oKq8mJHM,2.0076904
eLjsH7nB,2.605835
d016vgrl,2.7911377
djE02hPR,3.8692627
8fQgm7ud,3.493164
lFgoc4mj,2.0700684
MXAWTo8k,3.9102783
U9GtyrEq,6.8671875
TQtsOIBw,4.227051
fc6Sygdz,3.6184082
oTVAnOet,3.8917236
UgbGpWxc,3.4367676
5jsYSO8F,4.6174316
0HjL4BqP,5.2004395
ubHwgqZI,2.0325317
dVaEWmx4,2.0006104
p8kh7HJr,4.057251
I5qzUEXt,3.8828125
j7dnxK2y,4.555908
CeaDAJ0S,3.6263428
imWIhPfs,3.706787
tgQXGFZ4,2.1021729
jqbmv2hf,2.942871
fw6mA7Bo,2.0061035
KMmbpx9G,2.1066895
RN0OjFAg,4.1466064
f2MbmagJ,4.239502
CJSNEk9O,2.0720215
JjeMNFkH,3.6591797
V9i7zI8m,4.0130615
E3cjhwb7,2.9777832
kmz5wNeq,3.9760742
N6JPTt0j,3.633545
WcrhJO2d,6.838623
UtyIPKqV,6.9089355
DNcWalds,4.2929688
Qqd4EBW8,3.9848633
FT5yW2oZ,4.227417
M1BwZP4T,6.704834
7UkXiHqx,4.150635
hmCu5HcV,3.2803955
I2Xw5pKn,3.8851318
HkeW89SD,3.3358154
MsfLTEI1,1.9798584
aX5QGqrH,3.192627
EsLHVp1T,3.005127
l4zbjwkQ,2.1333008
egTwlvhB,6.3808594
k0djUVzA,2.0358887
dcbtmA1a,6.128662
Oz9v6V5Y,4.0322266
i2qUNuyp,1.9865723
REg4mis6,1.9993286
TbUX4LIW,4.4814453
PtZvkWxH,4.928711
0fjE7lCv,3.0827637
7ScQypUd,3.2641602
6WVfUpCX,4.537842
4esHErzn,3.7354736
peLqk1I2,2.2260742
PUIZdJwq,4.6153564
xacOp5zJ,3.9572754
16OSYFld,4.0214844
7fYEtdy4,3.3446045
tWwFupJx,5.1311035
yvNQEBHT,3.9666748
Vpy7u0Uq,2.9663086
0ijdkDXF,4.209717
2CeXJzq4,4.144287
pQSbsJcr,3.989746
CbZ17GVq,2.0196533
DfUI4tny,3.8233643
65Ioaprl,2.9771729
283mKynl,5.0200195
xc8mZAyr,3.008667
MiryLvz8,4.4992676
1y2LTcZd,2.3735352
ZNPlW8Kt,4.0281982
7Z84xXEt,3.8266602
W4ahGCkZ,4.8845215
lfJETzi4,3.1010742
q0m86rSo,3.9691162
kBpuTJZb,3.959961
Og5skWNm,2.9991455
IXnbT3KG,2.2337036
4wdElV2g,5.418701
5qPDMoFa,4.9919434
SuIwOMci,2.0066528
JMh1fe4k,2.0258179
Rp59LAob,4.824463
Dvpa6C7e,2.0127563
N8gBDRP3,3.9143066
V3wiGKzd,3.4969482
3IeBRYCx,2.0089111
wLapR6oJ,3.4960938
R05Z6hQm,6.893799
2b0mY59u,6.8518066
lj0kOIBC,5.6030273
28KBsFfY,3.8311768
lCS84edZ,4.142578
D84xQnVu,4.7612305
VL1ZMtbX,2.9615479
x7yMTAls,3.966919
iPWIN8oU,2.5577393
9kvAaDtY,5.178711
IA3vZUGx,6.21167
5iARqtsQ,6.902588
lxiku2fn,4.0057373
ALVeSbic,1.9938965
GF75ErAc,2.109375
P19YhWMR,4.3952637
l4gNti6m,2.8363037
wQHuPIUE,2.8586426
Od9Njrp0,2.7335205
KrTnH3Qu,3.2526855
hpiUmDQ7,4.015747
dv9H6UjZ,2.513794
goHmZxYB,4.5266113
02QNbFW3,2.9586182
JQAXql50,3.7408447
9ogZs3di,2.9022217
GaNoxbjt,2.0319824
Z6X2qvRQ,1.9761963
WAvCUJNu,3.1800537
g6VieFmA,3.8549805
giYKWu2h,2.0135498
z65qbiXw,3.5838623
NP8Fgvm2,5.6052246
8F3tga4v,1.9664307
ElftGgiP,3.0302734
SRaMj2dc,4.7316895
5eNAsw42,2.7664795
bsjOkFB7,4.0117188
pxcNUlYu,2.0129395
rW9G1MtJ,3.7445068
oKVHBWxG,5.324707
bncJ6xe0,2.0577393
H9UoNrdb,2.0003052
aoTQcB7g,4.0603027
rTnujPKo,3.7641602
JxbZCM2R,3.7821045
EfDNvXds,4.147949
iAB8TP25,3.0946045
SKAEC3RQ,4.8459473
IX8KlCMo,2.0651855
h9FWqIny,3.9161377
t70JX3ND,3.154541
tVsYKDuI,3.9829102
MemTRnLj,6.9125977
fe69SVwu,5.52124
uVgzn9ra,6.3120117
tgQMHsSp,4.125
ZhIel8sf,6.862549
ZDWREh1P,6.9040527
YVrjv2Sy,2.1693115
CHX1Zmcv,4.128662
GCWRSDZU,3.989624
wIcrFBGu,2.0682983
GUKIxOhl,3.2716064
05fShdVk,2.9387207
ENftwO73,3.9667969
36MW0dvD,3.2227783
N16SdRtl,5.065918
HJjuObsD,3.9104004
NmlBjShL,3.8289795
3WBwx5HA,2.9746094
ORDWbL4V,4.0235596
k5teXFQo,3.6293945
gpuXb6Pw,2.996704
RgPjp94v,3.3883057
hy4s1vPF,3.6983643
bCX4hGs3,3.567749
TB7VDRW5,2.9702148
FnQ0XWNV,6.8269043
t6ox4C9Q,3.0701904
RerxuJAK,2.0149536
cs9lv2AC,4.2646484
5o9wyTfK,3.9666748
H6vA1jCk,6.89209
9zXuApPe,3.9764404
b9qQiu8U,3.8457031
V0Ps8zM3,2.2736816
oYOAqbth,3.9229736
jcoG9nNe,2.046753
b8fMqirk,2.895874
YPISOfvM,3.9516602
xOSZkyt9,4.761963
r4Ghvojz,3.1635742
1vMtoPa6,3.2403564
eGuoRZ8x,6.658203
pXa0AbgM,4.028076
HU1vwqg9,1.994751
T5W4zF3R,3.0999756
ALUrIvRQ,2.0126953
jNUYJ1rR,3.2924805
txAlVfY4,3.010498
mZfPrWhd,3.9884033
xAzwo72l,3.1884766
0jxdE74J,4.027466
uiLzpDZ6,3.911621
B9rOaQH7,2.0515747
BoPcxdOi,6.88501
Fd5xsn7E,4.4421387
Yn7KhAgS,2.671753
jRJwBVO0,3.588623
TKgFJE07,3.9833984
Jp2LjfQn,2.0453491
wQ0U8KPO,2.949585
sqISgiVE,2.0092773
7JjH3Zcu,4.26355
BpvEfw6Z,2.0343018
h6PsdwuS,3.9641113
ULCBu17K,2.6837158
jDoIHgbK,4.0706787
TFf7MkGj,3.979248
lr5Hmiq6,2.2734375
EfkOGSpJ,4.532715
aqVhTeJB,3.173706
MEAWelsk,6.8444824
VAQwU30e,3.572876
47LojPYg,4.5825195
ekPT23b0,3.2980957
PksQfXh1,4.0230713
29Bd5rOS,3.2214355
7hJxdnoi,2.7564697
kndgbI4v,3.1364746
DOrj1GVz,3.9980469
4MBmlzyx,3.932251
JVgLtP34,6.849121
3hfPVX17,3.8808594
s6IfPkdM,4.418701
mhFxi2Vc,2.0047607
vI2BTWQP,3.8780518
fUy54etY,4.2697754
eWtx9Kc8,3.8967285
ia5gUTbP,6.809326
gZoNyAGB,4.1418457
CV92qJb8,4.0533447
Gtme6lEQ,4.713135
dRPJhLN4,3.3220215
J7ZEbosO,3.2458496
RY7sOqCg,6.666748
SL03QC2h,3.8615723
1ESgRlTV,4.1087646
ZFw9p54a,2.0466309
KOrJxDbR,6.821045
8a720hDR,3.0041504
x1iyAL02,2.861206
LXyBVGO6,6.900879
rNjOqalK,3.7403564
WSkDPVd7,2.913086
UW96wi1L,2.9725342
vIVHgSl5,6.842041
xF9tI3h1,4.0733643
Xw1tyDRJ,6.86499
p8KR2CYx,3.1588135
KG04wxEI,4.028076
9WrsFf8d,3.9802246
FHGlRUVY,4.1279297
TSAZp1PG,4.819092
v12btmNS,3.7989502
iaLBez3l,6.02124
yD2WFf0Y,4.0893555
fHlWhpJK,3.8537598
QJ7vPHmw,3.9171143
7xMeh8ws,3.4146729
XqMFV0S5,3.9628906
rOsaRuBQ,3.255005
Co6cUPfr,2.020874
G3geqJLM,1.9810181
uO803vDh,3.9689941
LVvUh97o,3.7246094
ME7kxfC1,6.8413086
p3l4zFCs,3.010376
ikCHZmsj,2.0115356
YvCpysGD,3.9815674
JBZWld10,6.8586426
4oXLvYzq,3.0509033
4XxvcU7b,3.2801514
9PTSgiB5,3.5753174
wKMbD0Iu,2.0200806
aF0xVU17,3.7192383
w0bvVpGP,6.4365234
gYhjsJW5,6.845215
HSvkAOKw,3.2851562
jVcWt8Qf,4.5388184
3E5KNtqH,4.0230713
5jpisYyC,2.6573486
QKTNa0id,3.9664307
FNBpylCh,2.3432617
vikYIpLE,4.062256
mv9sK6n2,2.6746826
N1EYewRy,3.0615234
GJ9fMILW,4.3830566
ZnRKSWNx,6.23584
5dVa2sRg,3.6641846
xZ8dHiSQ,2.0408936
UACdfRNj,3.9364014
TzGg2BEt,2.4125977
rsFqximd,4.2370605
I1uLGpU9,6.1013184
GA8KXd3x,3.4274902
Ht9YpAxf,4.013794
XdmhRSy8,3.0023193
euMyWZFL,3.6317139
IFvanhGy,2.9143066
H1ANiRSM,2.9761963
VWeJA0Tr,2.0289307
56iGRSZc,2.8430176
tw2CkTj8,3.9448242
gheEPUuy,2.0256348
8h6sxNZa,2.0054932
voy46ZmO,2.2805176
WBxeQ3Dk,2.9233398
BHg4VyZO,4.0095215
aHGrTuMj,3.0159912
mFgyNLsS,2.0269775
7lyZUzX6,3.9593506
1anb4D2R,6.925293
s5xyv6OB,4.0998535
FZV3cw4j,2.89917
YNVrzqDf,2.6617432
TnUXKe29,3.538208
4Za7r2c8,3.920288
TdE2N8h3,3.204956
nJFM5yx2,3.9215088
agK7mhJY,4.626953
kfeQOd0E,4.880371
UmKVxWAJ,1.9969482
gvtxm0Gq,6.8710938
GSfklKyH,3.036621
7RpfeOWH,6.690918
RL8DYjp5,3.0322266
NQ6r5iPq,3.9329834
MymaxB0b,5.0976562
vOAp5ufz,3.2263184
L0pVInju,5.0441895
B5RQpdlT,6.4470215
c7j0qhDL,2.0247803
IGnYUeqZ,3.4403076
lisZPdy8,3.9388428
1IitTX6L,3.2159424
TUVP40DX,2.9962158
ACjRtu9T,6.8964844
y9zBvDti,4.0164795
GldF7xHp,3.9752197
Howgi2UA,4.0549316
eIaVNhZE,2.0167847
GNKEYqi6,3.984375
oB7YXcsd,4.182373
JOLqVfEF,3.0327148
L26a4rvJ,3.4973145
w1y3iVXW,3.4780273
sFPOhrNL,4.8149414
07srh62p,6.727539
1g0r4OS9,6.796631
YSrn3mQ6,2.9060059
wOYSezJv,3.9624023
HAGz1qFN,2.0671387
nO6KSTvj,2.4136963
QFwAl3L2,3.1639404
gDIiXbnp,4.4731445
KHPVJeg5,3.9451904
Vym9Lvfc,5.069336
aS6dUlLN,3.6328125
b75CdZXB,5.2304688
TidvjJAm,2.0247192
fo92HOeV,2.2701416
SMgtqRJm,6.8793945
o6Wr9LUq,4.232666
qTmVkEi3,2.0185547
cFpb3ne2,2.723999
bueOnMP7,3.899414
ygExOF4d,3.291748
qri5Gc3d,3.810913
7CDmNhF4,3.9645996
ucEsbh6L,3.7852783
Gvfuxpt1,3.230835
MfHkt3J1,3.9892578
NGwTkBSb,4.0200195
oSXBVJdq,1.9879761
1my2sb4Y,3.9666748
n85du9yA,4.876953
TEafjbQs,2.991333
8BGTHEIA,3.1019287
AqCBDMfK,3.0836182
jFeJSa3H,1.9711914
T5l7owkq,2.953247
veJ5zO3P,3.9239502
rxMO0Twb,3.9442139
NEvwkTtH,5.540283
yI0HXzaC,3.0358887
QZhGIVzY,6.895996
ZzBlKxvg,4.027954
TEyBtqm9,6.8706055
TnSiNvsL,3.0021973
lRSGgHOt,3.5235596
9lQB7gS2,3.2996826
vGZlOHIj,3.9517822
Dvi5hUWj,4.0324707
fhGpJsj4,3.6600342
kMc0Bwx1,3.9693604
g2PQHaGD,3.9108887
dl2o0aJU,3.4658203
kGmMfEcK,3.4267578
mWQwz5JE,3.0426025
kRvPHjKp,3.963501
eMvXPDqk,3.883667
KA1qQgI9,4.384033
wCo1f3bj,3.9942627
QRCzovKp,3.9508057
t0uyNlAJ,2.0274658
1GwhJc06,4.0111084
1ZeEcwQs,4.1933594
xoIqHRFb,4.9035645
bn8rw0V3,3.0513916
VUhAtdZL,4.0759277
xsrKBdM8,3.0947266
qipLl30T,4.23291
lfnJrUTy,3.0517578
kFQTN5gO,3.649414
LPwOYVDp,3.0390625
1pEeS4t5,3.9317627
WczxXZy9,3.0012207
qxympPQA,6.894043
L1U7r52k,3.6403809
rUZG5x1q,3.8762207
BmV3uSkc,2.852417
RiDwXMb7,3.824707
hy85zXnp,3.7366943
lyxcdY4C,6.6740723
CNDRh3EH,4.6135254
4RxQyT3Z,2.7840576
RMEv2wQO,1.9877319
8kI9B31X,5.056885
7RFtZLGM,4.1813965
H9S1ZD8p,3.4471436
T8IMBYqr,3.789795
OjZzxpd9,4.503662
vVKkI6Dt,4.022949
RCotO5Nv,2.00885
F53g9PLt,3.015625
GNRM0EZ1,3.5510254
mkBiToYU,4.1523438
Sq0znCOG,5.633301
aTqhVWvL,6.8796387
hYJX1bvo,6.730957
mSMXvilN,2.2764893
ADjzJr1C,2.0162354
hEFkRLQr,4.084839
rX7zUBlL,1.9574585
ZgBosFRI,2.0393066
Q0YRcZfw,2.6289062
pFwb3kNq,3.0777588
ouRNBHKU,4.3085938
8EAeZUqO,4.9594727
ZrsXjSHc,3.204712
hiqbcx7N,3.7392578
lsnykWEj,3.8908691
bO0LKYwg,3.7159424
w6H8VGuQ,2.6444092
d6lN5LAD,3.9156494
GbYNiDrz,6.852051
dMqbjt4Y,3.8828125
NLKsXFcb,3.5430908
56jcEyPw,4.8605957
90J48jBd,3.8132324
03Wa4HYF,3.9765625
Sg7AtflT,3.9865723
8uMdHUsN,3.0007324
ztsMbJe0,3.9987793
8G3iFmst,4.1677246
VQMlJ3kT,2.6680908
P8pe9ELk,2.0303955
2Xu31VSt,3.2050781
YQUIuwEV,4.199707
PTFcXNHU,3.8729248
nlo9WBu6,4.0585938
igPT4Ozd,4.720215
O213cLwa,3.012207
BgopDjv5,2.9782715
OdjkwaBW,6.890869
KePMFkST,2.991455
8ujzkYpW,2.9835205
wusrV0fl,4.6726074
64F9BMml,2.7879639
ZGt4nD3r,3.0252686
3BOl0JhY,1.9889526
ei1jRaZu,3.99646
ohKrlW2S,3.0378418
Hv4DKi1w,3.982666
LvqjT8QX,6.4802246
Y9KHUrN8,4.428467
SsZyIQJT,2.0218506
oN1O4pEB,4.3791504
NEr2aMwj,5.7404785
ztg4lqnL,3.9702148
KxVULm5q,2.4625244
jiVRwDlk,4.0058594
3LiA4uNZ,5.0578613
V53jzKa2,4.435791
JI9ld7C4,3.6881104
NYifOelu,3.9691162
oT3qPWUS,4.060913
XYy9zWcV,3.9868164
U2pG4rqu,2.9645996
19kEyeJn,2.112671
eBWP1QIu,2.994629
I8Y2Qx3f,6.817871
7okPG8j4,3.9191895
HOYhkC9j,3.9763184
qCmzM9uU,2.0559082
S1sUv7lY,3.8049316
McxBapsF,2.566162
Je1hSTLX,3.944336
CEvjs5OA,3.020874
qWZdRMhS,4.507324
H7cfKFaX,3.9416504
hBjt0apJ,3.8110352
yYiMHdZS,2.220337
U8ADIrJ7,3.9454346
Ro9Jxvg3,3.2972412
GaB4sAEI,3.972412
5GrKZsL8,4.0512695
D1ktBdgR,6.0759277
umZRYpkE,6.7995605
mTD4fXjR,2.9938965
Qj75xrso,4.0631104
GUc3oOmz,1.9868774
HUalb1fG,6.892334
GBCeOf1n,6.850586
wKRYxsJz,2.020996
A4tEmUC8,4.3896484
veyScD2Y,3.9500732
YtvPujhV,4.0773926
CpY25wMy,4.2148438
EnR86rD9,3.9072266
Fi7kSpPw,3.9488525
zHlbSeUt,3.7097168
1NjSoU7y,3.9848633
ykAXFYec,4.974121
1adscp3o,4.024536
FrCBf1Zc,3.8944092
HYxED0Km,4.701172
NacJmiA0,4.099365
Od1KEsNy,3.107788
5fJt3kvx,2.7659912
iWr9veRS,5.1845703
Gdqn17og,2.8868408
TRS7NcDo,1.9481201
rTNpU0zJ,2.8144531
UA9z6vt3,3.8582764
LYT0UG7g,3.7233887
e9VMAihp,3.8996582
sIlR8eqS,2.310669
WRCpTGfN,4.0148926
GfytarsQ,2.102295
YH9wSsTu,4.787842
xVBlReUf,2.0056763
sdlajTy3,5.1289062
gSDtreIv,4.0494385
cWU9HNQx,3.519165
z7GfNYZx,3.9458008
I1CALO53,6.8483887
v6K90GSe,4.276123
dcC9lvN2,3.795288
Fn4Q2ogi,2.0144043
4oxCWvHd,3.0510254
V1XDruNJ,4.6828613
iuFzgnQ2,3.053711
wjMpNH4u,3.9746094
pXZYdHae,2.5758057
vyiL94pR,2.713745
NE82LmY1,3.9274902
riS2tcjm,3.871704
fJj6xSMQ,4.0286865
dmeZk9f2,6.5510254
ORnI7D2i,6.9089355
uq9DbZ35,6.930664
tPcMoimB,3.9997559
WMsvPUNx,2.3240967
YSe8b5Mm,5.1364746
ApQsqSy3,3.1136475
C1sZfcqM,3.14917
EHYigXDv,1.9951782
dxJ4bYi1,3.954834
r9zmwEYn,3.9957275
7NGBbOgi,3.8028564
BYH0OvPV,4.11084
7B9TQolg,4.753174
QK45uaXH,3.9925537
AFMRewKq,3.0222168
nKLs3DMd,3.9814453
2CtdApWL,3.0024414
kyV5n2zj,3.8962402
0YwMVZhE,2.2850342
iwvctaIj,3.9639893
iEnCgBY9,3.2502441
lBSavY3t,3.9456787
NBQTqrw1,3.8117676
JEQ9LD8d,2.0359497
FYpLdOZJ,6.654541
BofEqnPc,1.9904785
dfEZTSl5,6.9001465
SjBDiv51,3.9833984
lewIaKkH,4.0043945
lGtmZfCU,3.6298828
E57WgUc3,3.904419
EoKyHAPM,4.2996826
dVxFoNur,3.8863525
SvQrXuaP,2.025879
ec0RB2rJ,2.0290527
G825pVIU,6.3876953
b5FH0net,2.0175781
vifeDjFJ,4.026001
fatMUhsL,4.0910645
UXSaxJC3,2.1142578
EK4qtOGZ,2.1230469
WZE5MpKJ,2.052002
lrhd4eFO,3.5333252
XsS0HVFY,3.9920654
0Y5uSP6C,2.9613037
ltcdHKYR,3.147461
xs0Drgda,3.96167
ZjNaGtLA,5.2995605
Oe09xvkf,3.6990967
QO8NkdGc,4.0810547
UyZGmBt5,2.0269775
EdjpuSCO,4.0273438
wTS2jms6,4.4675293
d3KGhI52,6.86792
RlU8TCIb,3.958252
OCMu3AlF,3.9110107
4C8t6ERA,3.8913574
SCPkNz13,3.7523193
cDFqzIuy,3.248291
ry0X6kae,6.8728027
jEnB7ogH,6.9055176
5iaZEqhF,6.7160645
xBQkwGHa,3.609497
jzrL8oU4,4.005615
Ndo2VrJl,3.161621
5oQJ37TH,3.9995117
FQjfGO47,3.7521973
FIYje4XQ,2.6815186
xKZJontH,3.1271973
woaE8VkF,1.9920654
ICnJe6hZ,2.2077637
ZkWo8Xhw,6.913574
KIrkcANO,3.2475586
K5YPm97Z,6.864258
MHBXw4QS,6.8867188
BGc56Qrv,2.7425537
SpBH8q0F,3.3498535
4qiSchx7,3.5750732
70V6igj1,2.1499023
e7W9Q2jz,2.0633545
ZGI4TVCu,3.90625
42wH91n3,2.956787
Cam6BqGs,2.9655762
7paFqTzv,2.022766
osJV9XUD,4.6047363
PENafCh2,2.0338135
1ABFc9Pd,6.8344727
ZrxU21lJ,2.0664062
kBy7ng25,4.0043945
EgA9SZz4,2.456421
fLuD5Hmr,3.3703613
JMz6oTwU,2.0441895
OAEBRufe,2.592163
9cl0PMRz,1.9871826
sdT7Yk10,4.4836426
J6Mzp1AZ,3.894165
plqw1gCb,2.9277344
SrgLwCmR,3.9483643
dEyY0lqZ,3.6297607
xMi263eH,3.1085205
CeJYi6nq,2.2164307
wuQd9HKL,6.5996094
X0d3GqN5,2.0229492
QMWif2oR,2.9299316
G8rcqgbH,3.0627441
TpSHeQ1r,4.3308105
57ew02p9,1.9852905
GdryNVqx,3.9508057
cNTt1mC4,4.0928955
EFJbU6lr,4.034546
8QtCnJId,2.6036377
ArTuJhFv,3.9764404
MWEVXG3J,4.0162354
W5K0AGtT,1.9775391
Sq5we9z0,6.8759766
DmA8SzOv,2.5028076
0NJgEvMB,2.1637573
5UtxLIqu,4.083252
o7aFyCdp,3.9681396
lnKaEMwe,2.0579834
SYvGuX0H,2.9262695
G5gTUwVu,3.590454
3z69sobp,3.8822021
nNsZY1ji,2.0314941
qFzHfBTu,5.313965
gPJ97YpD,3.2890625
71OGcJCQ,6.7958984
6ibPDan9,6.8654785
MriXKmhQ,3.0810547
LWaK2XB3,6.9140625
USPG0tep,4.015869
pnwdzT9G,6.01709
dGpWIJkw,3.869629
GWThOy7P,4.445801
baIJW7Tq,2.022461
bjmHSzs3,5.4365234
vOyYwscb,3.682373
aMHPYLIJ,2.0228271
Z3AiCvYG,6.84375
igmIBT38,3.9335938
ZvJjlqWS,4.3327637
K9EWhfti,3.9576416
1qT2CMi4,6.601074
TRLOikxh,6.6713867
lgfTq0WR,3.3665771
hMmKNuBq,3.763794
dMFa745Y,2.0090332
pRVO9SmL,6.359375
5v0RlYe7,2.9395752
KluIBE1g,2.051941
ajLf0tZq,4.411621
WLMplVsR,3.8804932
ywTIXmj9,3.7858887
TQiOqwB9,3.8857422
Hnh8YliS,3.284912
FMUsBjdg,3.809082
s9dKF6uE,3.1679688
xn4PLr9a,6.5217285
NfvdGmeq,3.9658203
KBUMT358,3.128418
WQga27kS,6.5739746
HRdnZwcX,2.0148315
iqEub8LO,3.008667
DVjxgMkd,6.6811523
faTVnFmW,2.9437256
vJp1KXW7,3.3654785
g3GVFSvw,5.591797
6XcgySFR,3.9331055
FHwtEaNm,4.5041504
eJwaFK8r,3.4580078
itujJHgs,3.980713
PiW0YOUK,3.9315186
M3VqQB54,6.2785645
ya7u8sMA,3.9488525
sYc8Dt56,3.9923096
yeFb9iPW,5.097168
3YNprHX4,2.7684326
095Yvbxz,4.008301
FyOYtJ4V,3.984253
pqvO5P7N,3.9354248
DMGsqbxj,4.30188
FirnfbC0,6.873047
YbSkdErW,3.9262695
uFicPlCZ,6.72583
yeSbtLY5,3.92688
kEvtHwzL,3.9593506
cHNvqp0C,6.8637695
EZew8YXW,3.894043
vQhM2JDV,2.9921875
zpqPMFsR,3.7174072
AzbX3ZFn,1.9893188
10kQj7if,3.8511963
QRE3eG5x,3.54187
G3n6JE8A,3.7783203
R8hYZmUl,3.9519043
bhc2fuKl,6.878174
blMiKsSv,1.9553833
iDsI7yeL,3.911621
wfs83qEC,3.0361328
HLJScg4Z,6.85791
hwlkt2BZ,6.904541
m571zqCP,3.770874
VHvfQFPi,4.0091553
ihlbf0Bk,3.5412598
k7T8JbL4,4.1655273
5C6D9EyP,3.083496
80LMbX92,4.05249
84Mihx92,4.296631
1aBpYQLR,6.5217285
345Htksu,1.968811
EtgpRra2,2.9818115
tSd1cF3o,3.878662
ikvnlrwG,3.0426025
SXlmcK5L,2.0203857
xyE5MUDV,2.87854
wfGRV1im,3.8624268
3NTUKnek,3.9769287
kjHmw142,3.9522705
ALyJdZS3,6.854492
JG2rnAgW,6.883789
2GQPIci7,4.409546
41woZNqE,3.918579
2zQMehTs,3.027954
ow9zBT2c,3.0911865
1ZcTosvV,3.899292
BDEb8nAT,3.0046387
lbZA0aWM,2.0874023
VgTGtzFR,4.088379
VJHzCwp4,2.8616943
oGFXwban,6.8618164
oeh6Vwvu,3.3797607
yVkBtPUZ,4.018921
AQ5IHuf3,3.2579346
dLrIM6UO,3.1394043
18QOGs7F,3.845337
YoVK3ITM,3.954956
KuwTZHxG,3.8447266
CBQgIWN8,4.3027344
DsaCkKP1,3.7873535
kz9cdCPQ,6.8552246
Rdh8ZJjr,3.6364746
r1QlykZY,3.0595703
dJm6GEZg,4.399536
zt5g1j4Q,6.585449
wFR9PLUN,3.904419
eh9C4RAs,3.9891357
Ib4v7TrF,4.3876953
Hgb17qan,4.151245
zhOcCl53,3.1629639
CUDfZ1t9,3.661621
Nehdml9n,2.303955
0WozDxGb,2.197998
3nBjFLco,6.8515625
nZ2dPRJx,2.9354248
yTtuCrsd,3.965088
zCMfyKW5,2.8895264
JBCmyq3o,3.4908447
1UoGRIZu,3.329712
vwWuTAOU,3.0343018
fhnPg8KX,2.8631592
k9GYnSTc,2.4692383
ilETJYZ1,4.4294434
l6d0RHM5,2.6142578
ckQxPogF,3.0482178
cYpK8LaH,6.8344727
3lWJaomS,1.9766235
zoXSKZRj,2.1071777
Z0Q5Up6N,2.0771484
akboEKhj,2.9835205
A7SQUIln,4.012329
ZuIwacrW,4.037964
9y8rxwbv,6.838379
WLB2psVb,3.1208496
0TiYsL8a,5.321289
NzrYFk29,4.0686035
6eXB47ov,3.1427002
uxrlFGaJ,4.1381836
kD0tycT8,1.9970093
9vs6PGyI,3.8414307
pwC9GP4m,4.1516113
RKAJWCF4,3.3034668
2dfIxX9V,2.946289
G0dNzqnJ,2.291748
Ch1Z2KpD,3.3686523
h4wpKQOL,6.857422
JyWYMO6k,3.8275146
6WslLinY,2.1942139
Qd94hSfo,4.0578613
bpOX8Grz,5.0080566
bzLxTviR,3.9349365
Hz4VRYNk,4.0499268
Syzl7uTC,3.6812744
GzmSvQIK,5.100342
MpJPEuf6,2.970337
6Rh2rBXA,6.724121
uSZy7dzH,2.0298462
ldVSF51L,3.9473877
JUWiAvBo,6.8078613
GW9NBVLe,4.986328
lbYa908M,4.0111084
ENQ3JaIm,2.59729
2mtPoj17,3.6921387
moZz8SIG,3.0482178
E0heUtlN,2.829712
dRrkWamc,4.0355225
dachOTFb,2.0057983
oHLu4cyG,4.018921
5TYdA4Z1,6.868164
A2aObHNh,2.635376
ti3JWeUP,4.57666
V4HDqrvy,3.8500977
wva36U9N,3.889038
97yuMWFm,3.9975586
UTfZ4bdF,4.1376953
w3Y1o4Fm,3.9631348
ubFlRXms,4.395508
mH0ek39K,3.902832
sMnkoZEr,4.296631
8yPARoMG,4.1518555
U35eYTNB,3.088379
IqfPNnEl,3.015747
oJVqhTng,4.7316895
TMkX3fAa,3.9787598
xsbP3ha7,3.824707
RV4be0ci,3.1074219
53dU1N8Z,3.934204
f2TsUFPm,3.9970703
csQVGz9P,4.1518555
JEUQsMVC,3.9747314
s6W7ZEA9,3.4692383
7gDnolk5,6.8774414
EjHZTx4i,6.930664
Biq0SonX,2.7719727
3M95oKtT,2.7528076
zrigFEGj,3.8221436
F3ozE5L9,4.274658
nEyCcg8f,3.0142822
CXGjFd7B,3.7487793
yvj8iCwp,2.6883545
2fpgxLKe,1.996582
Eo8pUKkw,2.0405273
G9P1dCxy,3.0372314
qSMyFvba,2.2633057
97B1s054,4.006592
ckpZlL5r,6.892334
s7wj2eWS,3.8897705
M9Lwshc1,6.8791504
5G3ObNhi,2.9781494
dlh5PQrW,2.0322266
4SKIErio,4.287842
RqYcsx7X,6.89209
xsFCo7NP,4.114746
cnU70yzL,3.7927246
Otd1zx5b,2.039917
6SfiNbrE,3.4656982
7NmFqAo0,4.581787
iGdIof0X,3.9464111
sP4l0U15,3.137329
3kUFln6W,1.9830933
PAXB6cr4,2.0368042
kr0L5PQW,4.0546875
coYJXqwh,3.156128
zlcCwhf4,3.8951416
3Xzl1hKm,3.979248
U9tvELuz,3.6739502
EW3J2bh8,4.7559814
mrPbBqyk,2.0213013
X59s0ay2,2.8468018
GiNK6dUa,3.925415
nXfCx25c,6.831787
oSAfOEXc,2.0211182
gaL1AX45,3.0871582
SuLgatkf,1.9976196
IvPTRVD6,4.1342773
NP0eqKdk,2.107544
GzeQNFmu,3.9644775
nXckxP6z,4.1101074
OMuVSEW4,3.9387207
t7KjRyhW,3.02771
fi4He78A,3.7705078
URLMloGq,4.6760254
l5SxwFhZ,2.031372
lM07Q5bi,2.9796143
ERT5CZ4e,3.4320068
f6JKYdHm,3.517334
cqaEiHfd,3.192871
nh1zeFLk,3.947754
85mATK7g,2.8909912
XldfwGue,3.880371
9PgKwduf,3.996582
aEg34ioL,3.9199219
bWUVIjXR,2.8649902
ieT9zky2,2.942505
PbKt4rfq,3.9870605
Ii5MwlKt,3.9818115
Mr9V37Tu,3.463623
mpQaZWkr,4.018799
ywNQ9DXF,4.4294434
diPJKhZc,4.147705
nqAjtJiL,4.9155273
wjb1NqX0,3.5872803
rVbxm93y,6.6550293
NneiYd6F,3.9915771
TpksPejd,3.1520996
84N9WKXS,3.0369873
eLvQlm4i,2.4870605
PjZuHzT1,2.0022583
d3j4DOu6,3.0756836
B9Mn3kHg,6.916504
ZegqjKdY,3.3986816
xzINPte6,1.993103
PhCm0gXi,3.034546
sNrYLBKR,5.0739746
GvKhYk1a,3.979004
AzKMV34i,2.0270996
ycFz912K,3.9716797
TfLH4PAO,3.916504
9umRbYfk,6.928711
ZOsH7VbB,3.2312012
EWNarAKl,6.4855957
rJoE2dXs,4.0375977
RtYmkWXy,3.9384766
cVXf796l,6.819824
YUghdCBA,3.1409912
P4zAgYor,3.9934082
A5nxRX30,3.9197998
ulsexgOz,3.9666748
GqAZUpEd,1.9758301
LWuwEjMJ,3.977539
7ADeRO80,6.5129395
KUpq5XgQ,6.7177734
LNcgjqJC,3.583374
AvRDQ6eb,3.5478516
ju8Yf5J7,2.6201172
MAf253g7,2.1495361
GkOoHSwN,3.9632568
FGh5ASLn,3.9522705
JKkQpzlf,4.0318604
IaWCbkdi,4.0354004
a6uU2e5X,4.2182617
WePLQAyE,3.1450195
q3Jg5obh,2.0169067
bSDcMRNn,3.7011719
EZNQeovT,4.0334473
TvV5WwcZ,3.7565918
qK9rihTJ,3.9803467
Ydplaiu4,6.8999023
ria1IHYJ,3.8934326
KydAg4DO,2.0466309
ZW2FnfBq,3.0263672
3why80At,4.1501465
CKrPjdsv,3.998413
HDVIkKXp,3.0339355
2fEqN8Cp,6.2819824
wBxIdkNJ,4.14624
HAIvwEKl,3.9744873
JfzCQxTw,2.9920654
vk8tRXBp,3.9681396
0Efjg7Do,3.9465332
ZGrzf75u,3.979248
OVhrcolt,3.3167725
w4Yhopzm,4.5861816
mLka2tPH,3.2320557
8gvFJz4C,3.0274658
GcIYO8mJ,2.9796143
0Lgre5QT,2.9957275
SRAs1Otq,5.1987305
dZSrGIHg,6.9331055
hrbaHVNF,1.9841309
lY0suTO3,3.8747559
rBquidve,2.2141113
aS50CgBI,2.0458984
8FTx5X04,6.0007324
UNF7ePud,4.0269775
vhAnWU5D,6.8305664
8RygWQrL,4.856201
QJqKNU4p,3.3276367
YcyDMo4j,3.8414307
qtNy6hSc,3.838623
ChtAldpR,6.8859863
ALiI486N,2.998413
pkvjROoL,3.1148682
2S8efId6,3.315918
ZF7m15Ah,1.9841919
sPh3Kr5e,5.0717773
btnCk9PH,3.984253
GCb5PMOZ,3.909912
LUZiAgaQ,3.1643066
LWzoBbK8,2.0159912
eQoC7h6d,2.4135742
i31fXUDr,3.989624
ByiO2wNW,2.0413818
uC94kHt8,2.7270508
tARSixUN,4.012207
7rIM14EU,3.1225586
OcylIpUd,3.0725098
LIlQOvNZ,3.9066162
Mol4TkDn,2.8990479
8EcNBYo4,3.8687744
cGKVu9kL,3.0845947
72nFgZTy,3.9176025
WEGi7MAI,2.0151978
78ZqRnjP,3.888916
UT9hc5Fz,3.2036133
GwqogABp,6.849121
wvEVB7c2,3.8898926
5F9HGLk1,3.723999
p37lrH0F,4.033203
szj7GXBd,3.9743652
FA3UxGCO,4.27771
GowPveu2,3.6450195
eOxUHGXr,6.888672
BacTsdpr,4.128662
NLrZwfK7,2.144226
07JgRfux,4.3708496
CJ4qKlEW,3.9815674
RdEbV9lM,3.0534668
KTwdoj61,3.2225342
mc7W9gRk,4.8205566
WNzue8s0,3.7340088
0Xwn2MLF,3.9615479
39XlKZp0,2.0516357
ufYde5CI,4.0825195
yFfCXuaM,2.803833
udcfLBkg,6.8754883
zuNA1VeI,3.9134521
12w0F8tY,5.175293
wkIp7CYq,3.815796
zBc0eQWE,6.8320312
zAILEs3C,4.060669
N6pEYuwz,3.041504
Jcw4lFW7,4.208252
MqcJzNoA,4.183838
XLsZMGcA,2.0213623
W45ukH70,2.5898438
SdBWbuMw,4.0550537
k2ifFIhX,3.972168
PfZTJOIp,2.4298096
1JXs4Gw7,2.9729004
AdOsh3nF,4.3686523
zBvXTRrK,3.9558105
e1xgVDMP,3.854248
nKrz0Okl,6.8737793
IGQpsdvT,3.8310547
2uxyCIli,3.8964844
is6lrKCX,4.921875
GmoUFIuz,3.9176025
sTSxMV41,3.3900146
m1ZlFRqn,4.2766113
5dDVX8R4,4.503662
d2jMKUe1,3.1363525
MR1IDzC0,4.4553223
kNhO80Qw,3.9731445
rC7HvaRz,3.366455
0YVFBKqP,5.9489746
ANRgWbj2,6.481201
5c9hd3s4,4.5266113
sgM8rGZ6,6.852783
zETj7mWi,2.0479126
Cr4sf2cj,4.0281982
I9beUqLX,4.425049
ydQhOoNK,6.838623
TxkRKPuo,5.1328125
kbmc9Htv,3.3640137
XPIUt1h5,3.076416
Z7gw24yG,3.9903564
0cG6NbtS,3.5466309
bKRPZhs9,4.3532715
QlBofNZX,1.9992676
B4VhrIbi,5.804199
ViRBgSrJ,1.9918213
CyZOPoWH,3.9586182
8iFezajX,3.661255
4UzBeYHu,3.9732666
hdVPFLYE,5.8168945
ApOZUiNF,2.9414062
IWruX9Nd,3.9545898
NZQCO67w,4.145508
GV2Qpozs,3.9257812
1NsXiMH7,3.8509521
6FAuwxcz,3.0058594
wqplSxvU,5.786621
ty1JeWC7,4.636963
ViFYZyXI,5.7768555
x6Kiskp8,3.244995
CyxZqr4F,4.2521973
gJC1nqNW,6.8674316
DOulAay0,3.9586182
hkvtbjSP,6.8862305
jkXY4Z5E,3.904541
82A0NgVL,6.859619
8QwTsEGV,2.0255127
Nv7rZGRF,3.9926758
BrXaWyl0,6.9104004
La2bkrcY,5.0515137
0XIgtJQT,2.190918
qXJp5mih,3.9350586
LSsBj92v,2.977295
tV3E9lGm,2.9871826
NVL0vQ58,2.9858398
IaXshElU,1.9655151
jlcQu84S,3.0914307
8Oez2dSx,4.0145264
7I9ZQFXl,2.0126953
1k5FYb9o,1.9995728
60z5ybjU,3.1862793
0NbcE8yf,2.562622
AyiZn5U7,5.741455
9yAbajlL,3.9974365
V3eykdZb,3.5601807
DhV9txXu,3.9139404
um0GO81Z,2.9697266
JVjPc7A3,1.9464111
HCVlkASa,4.070923
2gmaIEoD,3.8521729
kaXoWLbQ,4.135254
dwKGgcRH,3.9262695
FoM3nzGX,6.9055176
kdXflxeW,2.871704
x2H5Dnh9,4.492676
VranMdFk,2.0301514
63xQtCU4,4.036133
ZLGDET07,4.8623047
Y8Lh6zMs,4.0603027
DJVkmlzC,3.9658203
P3ZMyUAi,2.9533691
reCNqWDK,3.022705
6qI3lxr1,4.067993
NYTX59EU,4.121216
N9Xt0JkY,4.0700684
579zny8o,3.3041992
etJObx15,3.8083496
9w1SxQhy,6.706299
68foCvm9,3.9649658
b1O7Z8yR,4.234619
zVoFY7b1,3.9848633
dvsbSX3Y,3.9832764
IcwitYAo,3.1367188
B5UJxTb2,4.505127
tPraszCn,3.8574219
phQXcHPA,4.113037
elKpiqzE,4.123047
f0F4bY17,5.9907227
laH2C36W,3.91333
VIJwaBt7,2.0266724
mLFjNwxo,4.755371
x34dPXeO,4.354492
YIpVzWXd,3.9797363
LrSN4Zi0,5.494873
VyJjOERL,3.1644287
TK0aoVgt,2.9927979
aUKzNcnM,5.090332
ovVGB6kZ,4.1882324
Fhw0gILd,3.9403076
sUHIr2PW,3.171997
4pSc9Uu8,3.9064941
3gF96Ne0,3.6014404
OvV3lcSI,2.7061768
STnzLRg5,3.2647705
obUz42wj,4.58374
7xVSLZnj,2.656372
5r91gADE,2.4910889
4uja7YiC,2.9284668
SJiWpvED,3.0009766
Ilb4j1pQ,2.0047607
PU79145Z,3.3151855
nH8ZhOSP,4.262207
v6YslLWd,3.0703125
ZCJlFyGB,2.385498
KMyI9JcE,2.234497
W53RIPEC,2.8812256
IPsgWCKE,3.038208
ZvE3w7HU,4.09375
c0ELmjg6,2.9470215
qeJHgtVm,3.897461
EKqQxRDz,6.875244
qNBVWoIt,4.037964
YRqu8tHU,2.0231934
TkdOW2XY,2.06958
pLo80Wwr,4.2939453
RAOQSiP0,4.047241
femaZYtR,3.1820068
W8SdpnvO,2.8898926
QUxOnMCI,3.0668945
FRgUKqta,1.9807129
roQM0jXB,2.5645752
AqP1phkz,2.0245361
bavoty7L,3.9820557
gwhfGxzb,2.073059
6CGdmwQn,2.1166992
fcv6obuK,2.7766113
gC6r1BEn,6.864258
VQRbpNlW,4.007324
kpMPfmj6,3.2626953
XscWO5xk,3.0065918
WAJ36I84,5.1296387
NE6rv2za,3.010498
5U7e0ksJ,2.0252686
I7CHvRN4,3.9886475
n3MXpdBG,4.171509
eUHI1aGv,2.012268
gCdwsM3R,3.9238281
5AUJneba,3.8327637
A3PLdB0c,3.91687
18BdOTEi,3.9212646
qEGDfQuB,2.9714355
4fLkA0QS,2.9527588
03DVBfql,2.9979248
6q2hpPmV,1.9991455
k2fpZY1H,4.179199
ontXY41H,2.0080566
b1xl2AND,5.0737305
jCchRuiU,6.729004
lH5n4Y2e,3.933838
dZrYb0el,3.7402344
zgSqm6f2,4.007202
UV36ui8j,4.276367
jRIYWb8q,3.7160645
KUQ9EZeg,1.9865112
pxSJ8ICj,3.9414062
GHRyXWQZ,4.11792
zJKxrbNE,3.8909912
3IfzCuHr,3.605957
QnUjJr2e,2.012207
FdmnKOA8,3.8736572
08OrmI1Q,2.9833984
L8am7ejx,4.4228516
bc6MTfX1,2.0285645
9qISsbzr,3.9902344
RFSqdUcA,4.3879395
jSQLsJnT,2.060791
qhF5EmKZ,2.4517822
fLFobn06,1.9874268
MbOR4N3K,3.5183105
xciZ681u,1.9973145
hOQeHB9D,4.0421143
aE74Gi2f,1.993042
LKk8NQf9,4.0264893
NcYswizB,1.9707642
tZiFbBfH,6.7578125
BhFpkdH0,3.7260742
glx1PduJ,6.8356934
kAmULZSE,2.8850098
1uEdfAaT,3.8796387
4xZ8tQOd,2.0222168
QVPUAFun,5.338135
TkOdgvHL,2.8625488
6oXifkRG,3.170166
6FydXc3v,2.583252
fSlH8UNj,3.9316406
ZfroxsE3,3.03125
ixknOf1K,2.0020142
wSWyxBoM,3.590088
vouMP6Yi,2.5804443
JCi6qHuv,2.0428467
9JTKRoCS,3.7368164
FJvwbKyg,2.0436401
kC6P4V5M,3.1623535
LxtdDhY0,4.015625
2s6KIrlf,3.8618164
7ZUbndoG,2.0957642
JNrUywT5,3.876709
AmI3vE0d,3.9804688
WKYthbwp,3.0666504
LV7Sziha,3.8104248
VTurol4b,6.5966797
Y4IMbkr5,6.7819824
yAh37sOH,4.0198975
qvpeyOVW,2.0010376
VIvZTlew,3.5908203
UCqPgZ4I,3.9902344
LzI1pqYC,5.1992188
IHOTmL0B,3.9501953
x5NbPc2s,2.012268
5ZN1MAf8,2.1444092
WAKVGaZT,3.975586
h7KkazmZ,4.413574
iMdGReuy,4.0701904
AFUMQ4CS,4.2924805
AbfM5RQa,2.0215454
74fQPOvM,3.0686035
SDo6N3Gj,2.0095215
Ngh3JVcD,2.0152588
N3scrkWR,3.951294
yf97z1RO,3.91687
qicX82Dp,3.2227783
CHLrJ7yI,4.1101074
oJyqI08M,3.0650635
WVMw0TsI,3.9155273
JoWpBIbE,5.279297
i9fjkbOq,2.9082031
9cZTVfKb,4.6367188
slO7vazk,2.0089111
5XMLAxKf,3.9266357
E7zPYkVB,3.0717773
bAaVK3ny,1.9957886
Lx9Zq6BF,4.5773926
RvFju5Pq,3.6798096
hYBpZuzG,2.9227295
K43w917V,4.990967
ori0x2HJ,4.793213
E4WY6Vfo,6.5270996
DJ9phkx7,3.9750977
aLGK5vsF,3.911377
XQtzSy9A,2.8916016
nQ6MYyoe,3.8149414
ue2jqnt1,3.1088867
3oWL5t8d,3.949585
rgA71M3N,4.2993164
dO3RvVeI,4.024414
iGuq0kh4,2.0413818
Ymc5ase0,2.0350342
1LqFfuM9,3.6376953
YOP5igMD,2.0961304
gE7UF1f9,3.6831055
2zbrIT4D,4.7871094
h3YgolXV,4.0057373
yGui761E,1.989563
PZ9aFcOD,3.7956543
EPhoMe41,2.7783203
qAmTGKIJ,3.9400635
Cf2oSwJ3,6.661133
aOhLfikg,4.0180664
sQyk5D01,3.9871826
o8RnMe73,3.2279053
9bZoJviF,4.225464
cUZ86JiQ,6.5441895
3u6wqSWZ,4.041992
r1gzAFW7,5.531494
IprzjC6q,1.9882202
RQc8bOqe,6.8674316
jnUx56Xg,2.0205078
PgJLevs1,4.3027344
nSG5B4je,3.2700195
wvnzi4PV,4.0373535
R5UJrqSo,2.0806274
46gfzco1,6.8876953
wtCrVheY,4.142334
gIB47alr,6.699463
j8IWP2Q5,2.0316162
Zi6vPEfD,1.9967041
wqtoGicn,6.708252
vRh20KtB,3.9592285
wR73YGz8,6.756836
iqatgKOB,5.01001
eBCHEIQ1,4.0012207
7pCu3HvM,3.8865967
BGaWNiju,2.0213623
oFPUnacC,1.9727173
vkhZPb1T,2.9855957
Ct8nIiog,2.803955
xF5zHVaY,3.7375488
yCj81TIi,5.277588
n5vOikfF,3.1203613
5pIwWEPK,4.0047607
jhlvxUmS,2.0126343
t3m4AuaK,6.2663574
xZma1zO7,6.879883
nd0oRuAX,2.5601807
1ioGnLMI,3.9577637
XsF2qi0m,3.901245
jJWVuQHM,3.1368408
sLmfjW4l,3.308838
FrnpWyv7,3.99646
Dwn0x31W,1.9924927
sk6ral2h,4.031372
qb1GV7zw,3.7315674
L2lYouJm,3.9848633
nRbOAHWx,4.324707
aV8PYBpv,2.9466553
6xXrJ7nM,4.069092
kOVzph8Z,4.859619
rQ5uvp0L,3.6706543
ZXmuq62t,2.0620117
Tr9AKgwM,4.1627197
axKqc2EW,4.0025635
RW1qlrpJ,4.916504
qpi4Ryfa,2.9578857
Wa2RYLK5,3.1403809
B6CqZJN8,3.0168457
qPhMTrCn,3.5059814
5jteG01d,4.406494
ko1S5i0N,4.540283
kXzhUneE,6.892578
ZRxyaKp6,3.8897705
hXV9Tq6S,3.8234863
AYFCDKJS,4.243164
zIQduZK8,3.967041
4jx7YvSg,3.067871
Ein0mtjI,3.4835205
DgJ8ubF3,6.726074
Qu8H5gla,6.772705
AoEzVHj5,4.3288574
0iMQBeOa,4.422119
fBt45ACw,2.0039673
F9ImJqCa,3.7767334
uSwnReax,3.8220215
xuWERhAe,3.9389648
Bd7msfPJ,2.043213
AauRxS1z,3.1461182
0MliUjqg,2.7773438
WUDXwQeu,4.425415
k6pFvs8E,3.0236816
f5hQVU2t,3.395996
0TdIpmW9,2.9672852
SGJ8s9B7,6.5407715
I0aNgoL4,1.9987793
jc5R4YMP,3.8103027
al0LHmJo,3.0097656
y0tpFgnq,4.475342
eVsihzlg,3.4213867
1teowYHQ,3.8067627
SUA5DwTp,4.9995117
eQLD8G0s,4.0130615
L3vGX5nc,3.0002441
nRwqkAtE,3.0784912
0NCYzBgL,3.0002441
gr0U498S,4.071289
UEmpNkyD,3.5100098
7CjF1Arb,3.9504395
3SpUaPAH,3.918457
vj86bif0,2.9368896
gyc3BJXM,3.934204
Y2EKvBrQ,6.855957
vWIQc5Gr,3.166626
8qKhk39D,6.9125977
Ho3Mxc4D,3.0443115
Zbs98UKr,3.32312
dS04Pfga,3.4071045
8SaER3Tt,4.0148926
UD3ZAvbn,4.300537
wk0XFDHy,3.0708008
3QF49aNK,2.729004
5GyjLenW,3.9083252
sIG5oEQm,1.9949951
u0NFU5EH,3.9940186
BHxdR4lp,5.1254883
oM2f6ZE8,3.8435059
VMDkhAuC,6.527832
iLIwotzO,3.9020996
q3fcWia9,4.402588
kHdtr5sh,3.1479492
EmpZYJj6,5.0686035
jDnOvrmI,4.3303223
sLSr6NH7,4.942383
TX7w3DLJ,2.027893
U4bI2C8O,3.8531494
ZQoFwSbf,3.489624
hBZk84sV,2.0965576
FG9mv1wb,3.8936768
r3EUJe5w,4.0042725
qayWANdg,2.8787842
Nr3IcLo4,3.5638428
IM8BrcbD,3.878662
dzVnDAE5,2.0753174
2XCxbuyQ,4.1015625
8oXDxKhJ,2.8917236
jZli36QG,2.9121094
A9PoLpUH,2.0040894
JESjNWUO,2.928833
PtNnYld8,4.01001
KJAbG0sd,6.8686523
Lu06Fo5N,2.9820557
smNt1nvS,1.9888916
BNzOGp3P,4.182129
n2T653mi,2.8411865
6ZHB0VjO,2.981079
ErX1Y6ax,3.9764404
t1dlHaPK,2.4899902
KamNMP9r,4.151367
0RPWnJZc,1.9701538
wzj3o6C8,3.2019043
cfTMjbBk,5.119385
9dNlFCm3,2.0075684
MHFhk5w8,1.9976807
5o9bMLEI,2.055542
gXw0J45j,6.8876953
mKhelST1,4.8320312
OdVk8SPj,2.005127
qGan1pEy,6.144287
4Vb2FE5l,3.1107178
HSAr32F7,4.0582275
ydRXx49H,2.5732422
ziU7cFOu,3.1500244
HYsgocWQ,3.798706
kqHsuFpN,4.5581055
DnLmt5e6,2.7225342
yhvmNtuk,3.3569336
okBZUvdY,4.0753174
L6x21syp,4.4089355
1UlyfuI7,3.65271
qOFadb6S,3.9296875
s9lvjDaU,3.7592773
gNFqCSE1,3.86792
MREQA5hj,3.2098389
1JQ8u6Lj,3.9645996
MeQ9vnhu,3.9711914
297qU3Kl,4.124634
ihjZ9C1I,4.0855713
Kh3cAaqR,4.338623
Vlm5IBEQ,3.4346924
2ba4pvec,3.5158691
Icy4S72s,2.1812744
KGjhAnl8,3.2668457
NIWQe96q,3.2474365
Jb2sc5uo,4.5266113
bncEkHKT,3.9249268
v0dZ5am8,3.6530762
eGIEJFcR,2.7386475
yu15hbrA,3.815918
xiG76nkz,5.5512695
gVmH1iMK,3.8886719
01nUuQaf,2.1294556
8BDGt4Kz,6.781006
TFHGKOSJ,3.2254639
XI4hnEAi,2.7158203
65QVMZda,6.923828
VKUfDdek,6.861328
dAVGU9cL,4.9904785
6bqBE5HK,2.1114502
IMnJ0mRV,3.0604248
EeUlhmxS,3.7929688
xPDjiTAq,4.168457
FXaywRiM,3.972412
hV3wfKJm,6.4240723
SvZ6FIqW,3.9128418
UexgcfXy,3.012207
K2OcqBil,4.84375
YniGgODy,4.057129
xurgIDcF,3.960205
alxjqnUN,2.0211182
YLD3olq9,4.024414
Zu1widFW,3.5788574
aCsgVOR7,4.709961
GmyOQpLu,3.9071045
McABoCxY,3.8894043
TRfljA1c,2.26062
Zd85TJpK,3.199829
vzCVbdQj,3.944458
7JayBCzF,3.9630127
N2lDUB7M,3.876709
VjMUoEZf,3.8078613
a30f2FlR,3.0324707
uUxz6h15,2.6417236
EeiMAPs2,3.4440918
vA7qXk4E,3.8930664
Z4EMVtTq,3.8529053
SlUcHZKF,3.0164795
9gkfFZhj,4.258789
kQbTRCI8,2.6756592
tjV0FCWL,2.123291
c2wyjbrE,3.5374756
MznwVhxZ,2.0427246
eZ0CyWRq,3.9951172
SKXwdMuI,2.3537598
VG2uHk7D,6.8686523
iARTclSz,2.0327148
jfmMgpW6,3.6590576
IJ0e4rVs,3.3826904
6Ow1FP2J,2.98938
Yt3XJ1Sq,4.022339
INnLsO8J,3.0478516
naLdj2g3,3.7956543
aOU04IDy,3.7008057
zs1iUCjr,4.5651855
IkOaP1Sg,3.8666992
x8Hq0BKb,3.5892334
Y2RKghE3,5.6013184
n1jNp9Q8,5.449463
EzGZUWMS,5.793213
DelMrPU8,6.7177734
UlPDnCM6,5.1081543
DkUnBlwV,2.010315
zUtbFNan,3.8046875
oqg10SZm,3.9768066
nTl6kZFt,6.826172
ofsDpN8U,4.170288
D341ai92,3.9962158
Si0gQVqC,4.2304688
g9d15czM,3.9543457
EblVp51t,3.989624
dlyjADTo,6.8674316
eFHIhBE9,2.0081787
Nl6HrI9o,4.678711
AZcmWv92,3.9511719
2bkSotRg,4.0490723
SvhCl2yZ,3.9631348
hryNBjCT,3.9521484
59PITorq,4.00708
z7GWKLNA,1.9981079
27KzuYO1,4.6345215
MCNfHU8R,2.1081543
hHfsUzak,3.7078857
zMpoLY3s,2.0471191
1B9TsrNf,3.1256104
zQKtsZgX,3.637329
5MmCrPiQ,4.76001
qAuxKrXY,6.887207
UrnscA5C,3.9907227
xckm45UM,1.9841919
aMLjEGDi,3.3710938
tGivXycL,3.1436768
kDyhd1Wn,3.8258057
5XsOpQjZ,6.8674316
TvXyen0c,3.3428955
efASkQx4,2.0042725
NCpf9w8G,3.3028564
9yJUi0bo,6.890869
9VNrJ6GK,4.474365
TEe9ovUc,4.381836
iFgVzmX1,3.9162598
Q70E85Pr,2.7211914
vYtyiJXs,3.2644043
aBEwemqF,3.97583
mGTfFonq,2.9191895
Mvi4VtNe,6.8864746
RHYo59z0,6.210205
cbKIQuXZ,4.0058594
IYvVyMOo,5.531494
FiYU7NOG,4.4802246
LX9q0yfp,3.0292969
DoKS5UZ0,3.1269531
5KZ04cLM,3.3914795
JKo3ckBt,6.919922
OtigsPwy,2.0411377
4eIao3lR,4.433838
FnroNZXq,4.0300293
xGDT5iMw,6.3325195
e9TBF2lw,3.251831
RaoWj0hP,3.90271
YxLW9QvH,3.998291
HJXSiC2p,4.7111816
8lNy1J5G,3.116333
Tz9og2E4,4.0266113
zKkeaX81,3.029663
28XUdQu3,4.4868164
mYpHustG,6.7019043
ALfklQhW,3.9797363
EtkgOZj6,3.0039062
Ki7rWg0V,3.7233887
CUbSvudx,3.4191895
LbIa6zpc,3.7276611
TW4roqQO,3.2072754
qVa97FoP,3.499878
XVdSJACI,3.1569824
q2uIjwF8,2.0095215
muqR6v3P,2.0168457
bx09LMNP,2.8447266
wkfBin2y,3.2539062
81utqCQS,4.0318604
wbXgEKzV,6.413086
ALFN6R1k,4.012207
4HDiEl35,3.9211426
upgwF1BT,3.9692383
RzMLkIFw,3.9595947
OfQHJ51r,5.4956055
MLOl8Jrf,5.723633
MjuIOkWG,3.985962
oO09Ieh3,4.5253906
yYdH356U,2.171875
soTrj4eN,4.40625
jMbC78tD,3.967163
YaWqrzAZ,3.1583252
JLAGKrDo,1.9882202
L6eZqAnV,3.5422363
EcDQjXH1,3.3513184
tBYDfemx,4.6535645
FCqIfx6g,3.7576904
kI1nRv3C,2.0228882
y53YSpWq,3.980957
LXyYmg60,2.8996582
8okEjxm1,2.03833
1KxYqRv3,3.2929688
ftqbkSI9,3.988037
7xvYKCfo,3.0996094
PKmVdMC4,2.9121094
sKqCUkGe,4.204712
6nuiyI9o,2.0394287
lNGFKvDc,3.8198242
TXpZ9xVA,3.6020508
1SP6NXHl,2.1038818
1Z2OM5u3,3.3692627
aXjGzYr2,5.6555176
NhsAtF4R,4.3745117
MH3Dht8N,4.0218506
tgDRQMO1,1.9761353
eIFy95k7,3.9598389
fAxzbv9X,2.0200806
1QcS3PF5,3.9501953
3Z2PJqu0,3.963379
fM364mk2,5.2529297
3ykWPfRT,3.793335
JeItzn5S,2.0614014
ylubjnNH,3.9613037
nhmkBYgP,2.4057617
20ORFscx,3.1635742
iy0YoKjb,3.881836
NQWKe7yo,6.694336
aqVhd1z5,4.0809326
wgerAdYT,3.1142578
BL7s1f69,3.0308838
COA20HgP,3.2022705
zgAKOjfo,2.0039062
Hrv8aADQ,4.005249
gDuHJU7i,3.9456787
vpR9TGxO,6.5625
lQWAzxHI,4.654297
SpCPhkOT,3.890625
PZR7t2nv,2.986206
z6hrUBHP,4.0618896
lbNpfVTP,3.2312012
RDHYh5KA,3.9055176
3q8nOUMS,3.7191162
6DTFNKAd,4.001953
bxCuJz28,3.5800781
ljUp61Qy,3.7111816
FfHOiZGU,2.0307007
ajnrUOFX,3.2093506
gwyZEvqx,3.8780518
qSynV05L,3.6290283
z6qLSeCy,3.9830322
wQVbd360,5.945801
FUsKNL0X,2.9620361
hWOR67IM,3.6774902
DCu5rfWy,4.003296
P3s9pDaw,2.9621582
HgjF8InJ,2.999878
y5jWI0Zr,2.0231323
vTC0M8LR,4.224365
aXusVfDE,3.7193604
n1wFrNu8,6.9121094
SlPohs8C,6.8688965
TxaI1MhZ,3.8168945
tnmOqTj6,4.2781982
5XT7hvcF,4.6740723
UEPLBVku,4.716797
RYUASefq,4.057007
o3pmlfzw,4.0369873
6Kswl0hI,2.7772217
V2sECApm,3.83667
lhC9x7sP,3.918579
9n8iKdoU,2.5662842
bFPcYWw6,3.2264404
xrLohvWl,2.524414
qjCXzJTS,2.9504395
eQkS6grG,2.2470703
S7TLtJ0m,5.114258
8P3JwMur,2.00354
W8tf9kJs,4.4521484
EwW9bnTF,6.862549
NelWo0KQ,3.94104
aripbTGA,3.961792
5TFCAmy0,2.04187
tswSBXp2,3.7600098
3ajcCri6,6.772217
XjkbfwGH,2.9362793
EtldYFyu,4.0377197
phK6A3xU,4.192383
xvPriEph,2.024475
Ck2oQfe9,3.02063
vrNxRISF,4.5490723
vEtJ8yRC,4.229248
T9j1OhHF,3.9713135
dFtDk06x,3.1378174
aAFiQsvw,3.395752
7i01WcsN,4.003418
a9AWGetN,3.9764404
wmPKFEWO,1.9685669
3JiGvDN4,4.266968
Xr4idK9e,3.0233154
PM20B8ie,4.2717285
sX6IEw7D,2.9796143
nwRvDge4,3.7806396
rA3nahjm,4.65625
Fqj3mHQy,3.8723145
mGJWiIeH,4.1132812
0SujTs9K,2.305542
E78utgP6,2.003296
WLCQfNRT,2.0722656
qxe2fd7V,3.9239502
6Q1sSUH2,3.1800537
T6vUfsh9,6.918701
ycWL9D1v,3.9187012
z8kR5OD6,2.0080566
iRAGHoPW,2.9382324
W5A83dgX,3.383789
5jbHYmKV,4.1435547
fqO7SxJK,3.8665771
3HLcQJKM,3.7050781
nJPLqtzg,3.6618652
NFLm9h3Q,3.3656006
ENbsZUQx,6.9243164
jpa61O03,3.0169678
Z5LJE647,3.0
KzL6ZvRr,3.1971436
R9g0p1Mf,4.0737305
XgnEGbJ8,3.963501
30dN692V,5.1538086
grRKINlc,6.5112305
iMvZDrNw,3.7418213
ro7Kpke4,3.9642334
kdC7INv8,3.9625244
YVTqHeRn,6.916748
w9kXs6mC,2.0216675
wj0bRzoF,4.5822754
AyjCnGD4,3.8951416
riasMc2E,2.894287
MJuGOEYh,2.4221191
e6hJcXg2,3.8375244
tP69qGL0,3.9765625
nK3PothR,6.911133
NcQ627qY,4.024048
xyqQNREz,3.1462402
w8yS09pi,3.7799072
e70ksmNS,4.8916016
ZLdCytYe,4.1833496
4rQICLTG,4.1312256
102rTcHk,2.0073853
x6UuyOpW,3.9256592
ShroYu6g,6.189209
CdY5qRMK,4.0625
xRG1mjPW,3.796997
pG9ObDXu,3.8759766
WilQHXon,6.8547363
LWZBJvfj,3.9868164
YZzNaWEs,6.903076
VWSf4PEK,6.501953
AoNBaLJ3,3.4415283
64yOWPrm,3.12146
JV5NmhBr,6.2226562
kxMjFhN1,2.026245
gk3sU1wx,3.9907227
WAaP8qiB,3.8413086
zlA5gBCi,3.9221191
ZBcrkUut,5.3601074
jrTxtWVP,4.319092
lTINxAto,1.9728394
RnQkyESG,4.1380615
l3wcpGOZ,3.849121
ow7IZCFY,6.779541
3Zso4m7S,3.9394531
dNxkTAaC,6.22229
rOVpnhvy,3.8182373
ZKCnMsb1,4.147461
AamE3Cjl,3.0666504
SeArGf2v,2.0064697
m1pNSBiO,2.0690308
De86Njml,3.4320068
WDVYQTrE,2.010254
ABRsGmQV,5.584717
Vp18esIw,2.5703125
egwVdX2f,5.439209
WyUkGaFr,4.018921
WBkYy9zV,6.8950195
q0gbeyui,3.8900146
FvR2L1eY,3.9631348
MReSwr1y,5.871826
LUiqk8Bx,6.8276367
7kYqlNDw,3.045288
lH1pMaWr,4.149414
I4mAoPFJ,3.8925781
ZN4xIGla,3.7347412
1jTMIhVR,6.8720703
m4LES3xN,2.9468994
bj1pRlA5,6.8479004
DMZCTovS,3.0029297
UchaiX7Z,2.810913
x62pRtjs,2.9918213
9iWwTOas,6.9160156
bgoUL0YR,3.9956055
J7PLOkeg,2.988037
iCQTg9un,3.946167
WdmLDtXq,2.5795898
aBjm1ieh,3.970337
Y1hJkV0v,2.0577393
gHriZ2ln,4.1363525
gWA3v9zZ,3.711914
mCSBAxE7,3.0478516
BZND9pxH,4.0406494
WQCVZYRI,3.9560547
ahQ8kqGj,6.9160156
cpUKhqmV,6.888672
62yzLRQg,4.1884766
bct4uPkC,3.156372
Y95EiIUO,2.9692383
gZT2RWMV,3.9558105
rLQmphTY,4.172119
8PAcJ5Wd,2.9628906
dGEkHvz2,3.2158203
hpbeZwL8,4.194092
X0N4TvOH,3.8962402
WhwUM4Pz,1.9862671
zfT14CKt,2.0158691
hTy1BVXW,6.9125977
GuyN3Qaj,4.470459
FVMLTXAt,3.2302246
CtgaDZnm,2.0389404
hD3EnbC1,4.3205566
bs2EntN0,2.1984863
1pQwNBzF,2.0184326
NCe8Oc94,6.8166504
EOdVMBka,6.869873
0ShjkLA4,2.0245972
4kTxo1Yt,3.234375
u4x5QMrA,3.0718994
ULawI1bh,4.3135986
fbRqynk0,4.3408203
t9BPr8N2,6.7458496
CpKHGsSj,4.490967
VUsdgACn,2.7960205
iL68MRTp,5.2460938
rMJdjoam,4.017212
o2lVceBd,3.9803467
VNBi5D48,3.0441895
aS02OvjT,3.211914
kJLDGPEB,3.8928223
xm6gBhTe,6.6777344
EnlLSfqN,5.7529297
ey3LYNlu,4.0961914
jZqADeM0,6.668213
39hKAugR,5.1865234
w7NqQCm9,2.0891113
RXvWsEq9,3.5374756
O8rcgi4u,4.6950684
nPOuKNWw,3.2785645
8gJd4rws,4.008545
DTU6asHw,1.9980469
xSRA8GtP,6.276123
wXfOU3du,2.821167
3p0szqIP,6.8566895
Vlr1FZiM,4.0915527
hqQ08CVp,3.9761963
2KB5TopY,6.699463
EiHXmfud,6.8344727
w1V7JHKS,2.0128784
i3PvKo7q,1.9886475
bdIgkpaL,2.8723145
zDUu50rL,2.0755615
G7mSOtEH,2.9500732
S6jV3ElK,3.9417725
LSKjICDY,5.136963
Ycwl4yqa,6.8813477
wKZO2J0l,3.088379
iEuzAUQc,6.8913574
02l3WRi5,3.8359375
Ic5dVPTA,2.5186768
eCEszgxb,3.316162
YVXnDz45,6.8911133
086IDRtP,2.062622
EGvSJAiD,3.8144531
bgyQW8k7,4.541504
IAlJF8Gi,3.2209473
BVoHqA51,3.3563232
fgmr9RNK,6.7961426
b28XsGFU,2.9039307
sf3yIl80,3.1542969
Bs5k0nzb,2.9250488
U9Y5ONox,2.0213623
3sR4fhrL,4.1082764
2dyAnWZE,2.5784912
qJNcBwpa,5.221924
w14IO83g,3.0621338
J8n6cVTR,3.053833
BVrb3Tj5,6.8916016
oAmuKYkF,2.0140991
BqLlRaE1,3.9644775
HIC3zuwl,2.006897
OUyG4qQI,2.779663
H9OzoQdC,3.7471924
lPT4do69,3.1480713
0HewMxNq,6.171875
ghk1BWIz,3.0327148
aGnIH6Xl,3.380249
BOYiSMxK,4.0177
QwFVdv3S,4.166992
kaW0BoFx,3.934204
jILQ9v5O,4.8444824
74lCGt3f,2.984253
xo0OIfwm,2.0496826
ojy3ZN4i,2.675293
3LkjtQbN,2.0810547
jd6rkU3c,2.062622
YZX0F5Pn,3.80542
48WFwshz,3.722168
bnOB1lpP,4.4074707
6GL0tXHc,2.996704
3t5QSCJe,6.8725586
uoC5x0VY,5.9387207
YUbeyw4X,2.9014893
9Z7nriTx,3.9993896
vl6LfXmM,3.465332
p3BG9yM2,2.001709
0cmqEHYD,2.5616455
zopr21b8,4.284668
LrKmWyfN,4.003174
AhbXWmyS,3.4431152
GKLdR4N0,4.089966
ilebIOHc,3.6552734
t5K4WDbZ,6.6638184
XzG4YfPg,3.963379
V1NE39je,3.631836
eIRybu4Z,4.0126953
EoIpLeth,3.288208
hpBQw7G1,3.8571777
et5DHJdX,6.8691406
UwRjsnPc,4.0186768
2GyAIORX,4.2072754
VsneJMhY,4.782959
8qonYkhX,3.9139404
Wcd2o8ki,3.9398193
49lgOLpQ,4.2578125
CugQqaki,3.0732422
XFu3Oi5g,3.5115967
7OGXA2UE,3.1165771
VSy0EzHj,2.0079346
mrYBvHZS,2.8581543
KAYfpXvO,2.6732178
uYhKJl4G,3.8839111
z9ipN0U5,4.140991
oHKaGEdY,4.0234375
80Sh7Dzi,6.878418
ZI0Lmue7,4.01709
B0pqYgfT,4.261963
8iZ2jhVb,1.9804688
gKI5f4mt,5.015381
saNkVbqm,4.1676025
VuqoLk2D,2.2907715
lIu0qrLG,6.852783
IOWzTEZl,6.9375
IsAJNg3p,3.9729004
kZCeNiM8,6.840088
83tLjXSd,2.0211182
8BSwMnbu,2.7432861
D9LtNCOP,4.7631836
CK4PIZhi,6.8637695
vXLQjPY8,6.8359375
snCaAILi,3.7614746
YLtOy6hD,1.986145
TibrOIR4,2.4730225
Y7PKHbyS,3.9293213
FTWghSZe,2.182129
98WhwZGl,3.9572754
SUMqkz9J,3.618042
71kCzedn,3.163086
MjSpvABU,2.1517334
6LXwKt7v,3.968628
MtomL53u,3.4625244
gGXx6vzZ,2.345337
EWzFPJl4,4.2891846
bUkIXag3,1.9863281
LpAl7I3h,3.296875
TSsDv9jq,2.9090576
BW47H8zY,4.0023193
OHpLvzaK,3.1409912
C7VHluMI,3.197754
X9bU6rEZ,3.5251465
LalknmSD,2.0511475
CtPyiWMQ,3.0788574
TIzX97hU,3.0145264
wTvYqPKE,3.9295654
MBKqglud,3.3103027
4kgdjVpy,4.096924
FD3urvbz,3.9118652
RKpxgdU9,3.9550781
bmh5O3U4,4.359741
KZSPcDxX,2.1259766
yp5cUfs0,3.0500488
EaJFY6AZ,3.852539
1pCPezlM,1.996582
rev5ZtgS,3.7712402
ajTv5gup,4.112549
UgL3kl1s,2.1004639
nBLI2k9v,3.2722168
CD9oiVac,6.8322754
ouBZdzkG,2.0183105
xYiP2gHf,1.9978027
irGzfP2Q,3.4572754
reJgXEHa,3.8009033
s5XayKqE,6.823242
LqJ54aZr,4.909424
WU9SAnpw,6.8479004
9nPMR4Da,2.0723877
OcpWPN8a,2.0506592
V6pK98JX,6.852295
HlnYaJ7f,3.6639404
DJwjveOM,1.9655762
FQhJ6Zxk,4.208618
SBnFy7vr,4.0183105
rOQcHSWU,4.0117188
m6TJ5Eot,4.050049
CRNXMqZ1,6.53833
g0AwHQWi,6.712158
d27GuHEC,3.2011719
Iz5PfUCA,3.862671
AarxT82v,2.980835
Nn2EwfIp,1.96875
BVHPWjgT,2.1436768
WfnBgosS,3.965454
wocCVYFb,4.643799
3KgwqCkD,6.8945312
aHlb2TRk,6.338379
oC9Na24R,1.9971924
1B0ftT8P,3.9483643
394GQCn0,3.977295
sePAl83H,2.6236572
SusnTVMe,3.5177002
MuaDOo9n,3.9450684
Bb9CsVvm,3.8823242
dSZvhUXW,2.0826416
LUjsf4P8,4.520508
0r2V3ni8,2.0532227
FN36fVPw,2.062378
JMB0T1np,3.9604492
EXRqpywG,3.9875488
6MiH7j5V,4.1397705
l0OzVRmM,4.8811035
a4XwR7Or,3.9804688
Yc2bW6HV,2.0249023
8UOlhTCI,4.2280273
GBJWkRxA,6.7956543
qJTk2ndf,4.099121
ZWvM91UK,4.008423
xz3E9M6u,3.2803955
98P3M2RD,4.821533
aRXPq3DK,6.8654785
LleCtxho,3.967041
VMFRSOnA,3.0093994
1tHR2Eay,3.3146973
4wzoLanj,4.300049
6XaiWyRg,3.859497
XkzaWw8g,3.3061523
zcC1VpJH,2.076538
ItAX9asi,3.9575195
g6UkQMwa,4.6655273
iUAHN5W2,4.0913086
1sUeKtNZ,3.9609375
PUytm5EW,2.9016113
CsiPNo3u,4.01709
BmJAf6QF,5.072754
3njo8rzX,1.9786377
CLE0IwfU,3.5220947
hYCLHqMX,4.979248
QhYHny3r,3.8370361
cBo5xfza,3.8712158
zhDjuHrd,2.0474854
xTXKuAFP,3.3115234
UWFQVORy,3.8826904
SIWnNodh,3.1392822
GEa3NiQS,3.4483643
5ZsUE7BA,4.4819336
ciwEvdQT,2.0058594
cUm23QLd,2.0360107
0KbZJFUC,3.989502
K25pSv8V,4.015503
suvDhgOa,6.741211
vkt5jH2W,2.9934082
c6p90dtY,4.6123047
3bRIuwts,3.5388184
QoRm0hCS,3.8930664
WFB0fnKL,6.833496
9daT4OW2,3.0367432
zyWSPEZo,2.366455
0Kl8b4nJ,3.963623
yIVRfx6c,3.25708
LcamVruw,4.352539
ijrHu0JD,3.4537354
s7idqSlQ,4.182617
SoBq0yG6,2.0810547
mtSuAhvx,5.9143066
nkjdCL67,2.4794922
GcCdm0WP,6.287842
vZteH4ju,4.003174
BSkhlHrY,2.5083008
xwstPFH7,2.272705
0QOxztgM,3.9541016
zpACIqgY,3.8483887
VmoTb6Cf,4.692871
wiWKMFcD,3.9664307
cHbWY30q,2.411499
8mDZxP2H,6.467285
XpIzwg4m,3.8527832
BURDm6oC,3.9732666
ltQVNrTA,6.6291504
yxoeH0v9,3.0061035
uFZHVtn9,2.0161133
lg1niWPr,2.9847412
bf7N6rca,3.863037
O0P4xgJm,3.7175293
jmNcZloY,4.010132
Jm6P0uiI,4.5949707
ZIFHR4fm,3.1810303
ORIiMkcn,4.5666504
Cwmq5KLM,3.0794678
VMTv12WY,2.0461426
vpmbD78z,2.3707275
6xbWGr8Q,2.8897705
fm8TRzjD,2.7104492
JUzk1e6W,3.9777832
Kamf7zTX,2.0601807
CtgIuBME,3.677124
dqOuIBiH,5.3112793
1wMD3ZNF,6.8442383
om0sGEU9,1.9985962
ufKSWiX9,3.5031738
qDsE4yhl,2.0456543
DBjNLWSk,3.842041
rG7wyYjm,3.8845215
TQnpR0Sd,2.6877441
4jofAS9C,5.9055176
R6QxvyAT,3.0095215
dYwKPzA9,4.5788574
HfygzO1Y,2.9864502
vZMeCr95,4.29834
l4Nnd7DS,2.0006714
9SaVcEfu,4.4052734
iBGn8JlH,3.78833
faNnpitw,4.014038
mGe01pIK,1.9864502
DIc1Oj3s,3.9405518
LCxk1fsN,6.876709
12GyVksT,2.0582275
eSGOvmYo,4.8271484
guNchK5U,6.482422
adLuCA0o,3.8691406
lR7YVake,2.694458
f0bQwvNr,3.0229492
BifLnb8W,3.635498
OoZybcPk,2.0804443
uLJ7V0qp,3.9375
h7cMQ5O8,6.571045
eLkQR15w,2.7878418
j7S0JbfE,3.1402588
LNiXVkK8,6.8425293
SU3DT7K0,3.9138184
C2R3FD6c,2.1357422
4Dloe7Uh,6.692627
MQ4mGvAL,2.0297852
8gsF3EO2,2.018921
t7dwlXuY,2.032837
3CJvXApY,3.9558105
KUZ5eg8k,4.525635
h8YaofSF,4.11499
JoIchLn7,2.192749
y7R4f5AC,3.5770264
ipFGy0Ig,3.2421875
CPbGnlJE,3.121338
Q5c2MKhY,3.1397705
Krz1SMxT,6.9003906
jGcpNFPH,2.6711426
jIV84NUK,6.7939453
GP27Rhuj,2.9221191
IkU1buv7,3.0308838
BcuZ3zmG,3.5147705
cme89LB3,1.9989014
V3FIOfY7,6.07251
8TrDIcOh,3.9267578
JVOLMKy1,3.3826904
Ii6FS0Xz,6.6677246
ECWnkAH3,3.9996338
DmOLiXyG,6.9038086
6HQXAiM9,2.9952393
LSO5ZlJu,4.716797
FIEXfgSn,3.9571533
1BvNJAor,2.027588
kOYqy6I9,3.9813232
4zxVpano,4.208008
M5ZSCqkm,3.8686523
eOrvQSIF,3.2043457
45ALwR1S,2.2769775
LQ0kxrY2,3.977417
TnXDxZUF,4.0007324
7W9d5TCw,3.9648438
MCslgXJZ,1.9969482
1b4ljGv5,3.923584
Yhvqs7Qt,3.4909668
LwxgjsI9,4.0321045
4quAItpb,3.6705322
QmpjPVBh,3.022461
TLtkvKxJ,4.0805664
j957bPXm,3.0892334
kpGtO6yS,4.1698
bIu3TPHk,3.0570068
aj9QAvVY,2.048584
KONcaxXB,3.039795
sj9Ir7kW,2.0321045
1TM4Fg7x,4.6361084
5ThL1uU8,4.8322754
v2REaNQs,3.3973389
a0WBp2P4,2.643921
HYUo4cqI,3.9049072
dTYfys2Z,2.965454
RGlHun0a,2.0374146
7WZDXEnN,6.7109375
MHKomjrE,3.984375
rxQRfXO4,3.979248
3CVz18nE,3.0726318
liprOYun,3.86438
JipmAay7,4.0981445
d2QGE8oq,4.0006104
mTDR2pAI,6.671875
BwmTvFXL,3.9648438
naqAyocG,1.9779053
pRnoKy7F,3.8312988
JOySB8Qo,5.6445312
s3a6gMS8,3.9459229
5xC6ZElm,3.8814697
y6M9DtjZ,4.097168
8AhlM2UP,3.9849854
qx1ZaphM,3.8358154
mA1qZ7hz,2.3232422
ERVsK0GL,3.0092773
rdeTbkxA,3.9589844
QE3wlM1t,6.8935547
kYfK7G3I,4.342285
houYHIJ0,3.519165
nsZXVWrz,4.065918
9iysWl3d,3.8258057
UMWRbX4x,2.03479
j09u8E5Y,1.9943848
N1f0uQeF,6.886963
6RxC2vB4,3.9816895
kZFO2Srs,4.2819824
WTbD1Fej,3.9615479
ohD2RC0k,2.23938
Qbz7cLGq,3.8295898
ENfTPQXp,4.0078125
gp4q0oy9,3.5008545
7tfU1q3s,6.857422
Bme6F0Gs,5.020996
Zi0LFrn6,4.0201416
icewBNDH,3.3845215
sS3m2deN,4.0722656
wSHzW1A4,4.67334
zqlv3PWZ,3.9394531
XyBbPaeS,3.9455566
xqDlF3IE,3.99646
kIJCabAV,3.8659668
PRFZWhc4,2.6959229
Kwz7FYlI,2.748291
aUd4xD7L,2.883789
9yaeBWov,3.161499
TtgYunbQ,2.6535645
JyMAqzQk,3.5471191
opUzcnve,2.3203125
ZOmtoCkf,5.7976074
X2nmaK9Q,2.0655518
DkJcef7s,2.0366821
i4MLNwmu,3.9458008
LnAbHJUr,3.9473877
ShYFdcWw,3.7453613
vBsyiaKp,2.192627
NqkpwLUK,3.951294
FZV9NUKq,3.9379883
uzhLJqUr,2.1347656
JVTbOucY,3.026123
4lK1ynIm,3.889038
VrfA6amc,3.9716797
qpgu8bhN,3.782959
kqtK1D9y,3.9155273
WfG2eEFc,4.1223145
X31NIB9h,3.9466553
6JId8B1L,3.9996338
brlNnIJ2,2.3914795
cPLD2m8B,3.034546
7h1R4MdW,2.005249
9pBiCOUE,1.9846802
GRtcBqns,4.649414
OTqyX2Yg,4.570801
tIjogrCG,5.9055176
f9ldJua0,3.951294
WV7ox2H0,3.0286865
4r2RBOVx,6.895996
35sUXSNH,6.482666
AtcqmEDn,5.165039
c8EwrKb6,2.9527588
h6L0yEFf,2.0095825
DEMJ4X1f,6.875
2JIyHuds,4.2163086
T4AJEfDK,2.9349365
BCiKLSZU,3.302124
1JvWOkhQ,6.428711
ArzC8PQp,2.0320435
NkjVHU1I,3.0057373
HrWZNUnj,2.9300537
FfshebaU,3.01062
9zEA1Ljf,2.0924072
Emhau2xO,1.9471436
GDZkL8Cy,2.0533447
N69RuUKz,5.11499
TNxA3u7E,1.9790039
yYnURgZ4,2.7504883
QHMPacbg,3.854126
u2jXlUA5,3.3806152
mv3EjdyK,3.0656738
BeaCmX9h,3.2592773
v7JhkxMj,3.4873047
b3hugkl8,2.9570312
hSzovewX,3.178833
XIoutYEc,3.9735107
XT8HI7hG,3.9389648
RB7NomAK,2.112793
oKW3yHP2,4.1417236
cnLolzZy,2.467163
Z5vxjHMi,6.904785
SbWqXaDi,4.046997
iqH6AEPw,3.0212402
M0KxP1rp,3.1107178
NtWgiu7Q,6.88916
1jWUPlEx,2.0372314
0pZriOzt,4.989746
5LxjUoXw,3.0598145
UN6OFRiQ,3.935913
9QbUkIxc,2.0057373
lxZnVymf,2.0372314
csHELWCm,2.0281982
XKjzQtOF,5.501465
bj0THqG2,5.3308105
wgrbZonc,4.051758
lmtQk5Ke,6.895996
dXcGDru8,2.0460205
JcpLYglt,3.0319824
dV7MqsSK,5.095703
MrZCq1Wz,3.2874756
yqj7hpUP,2.716919
1YFogWkS,2.0290527
5P8dwlyf,3.9580078
m4tpCfJw,2.1158447
4M9hIUq5,2.9643555
ZGdEwUcP,4.3896484
JX9zxbrZ,3.9882812
CYEVyUp5,3.7854004
HgWSlbAj,3.184082
KJy0lVAp,2.027954
oWT7iUC6,3.0928955
kb2SwRPa,2.2210693
LJYPvRhI,5.0214844
761IbR0X,2.1635742
2HKJkaYt,4.0231934
4C528qKB,4.0421143
rZfzjUoR,3.3894043
15kbHNoi,3.3614502
uijna78G,3.444458
LP4cDVze,2.1241455
czMqVoTl,3.1861572
mRZyQ6TX,3.9770508
76IDaZbt,4.742676
BKQScEtn,4.0667725
RX2GPvYx,2.1906738
hq8t2Yxr,2.0067139
MfekumTi,3.3999023
GMCiRDWI,1.9637451
07PKkdGp,4.6364746
7qfGCtvw,2.8370361
nubUE8cM,3.8909912
3QpDm1q9,3.4832764
9HGOCiZt,4.001587
C8kNw3lb,4.869629
J7r1MeWf,3.9110107
RZ7zrgfU,6.8432617
o9gk57jI,4.026245
W2GLJU4Z,3.9909668
8aiobw1P,3.8050537
ACslIShQ,3.9625244
iWAlYHoN,3.4102783
81tfXvYj,2.1173706
jc1u80yg,3.953003
Tcqy9eIR,3.7679443
cE20NC5H,2.3439941
TqPzJxmU,2.9191895
mIFzZaOE,3.9787598
YEpejnM9,4.5671387
KNPT7rdf,2.0391846
89t25w1R,3.798462
2Fy7XvNG,4.2387695
ZCkl3i18,6.881836
plY4UDIO,3.329712
dEvPcpxz,3.8970947
pud8UHcG,1.958435
vgKw5BxZ,6.888916
QCvoSBpR,4.906006
JMsuL51v,6.406494
248nZtoY,4.191162
74893eIG,5.461426
lnIFfYSg,3.034546
6FIeP1lD,2.4936523
CHQ8ze3x,3.0523682
i5e0MpIF,3.9006348
kbwRQvnl,6.861328
7m6k4Dxe,4.9433594
UCl7bK8s,3.3826904
yvhLWVwo,3.9906006
G2YetWC9,3.0153809
pUwcbQBv,3.668213
5pP7IHWJ,2.6761475
xBR0aOgd,2.0318604
U8hfFrIb,2.00177
zbu3I6JA,2.0861816
EJdf2DFU,4.126953
LOQEC2VJ,3.9073486
OxAmZs2t,6.461426
F7uajIMX,5.242676
D07RlLn1,2.0148315
kabsxONW,3.8405762
myO63oe2,6.9023438
1l8x3LDi,3.9328613
31IjELQl,3.2583008
JyHxhcVW,3.6970215
qQA9IDeL,3.980713
3fpFMEBm,2.3121338
jwVCaKvY,4.074829
TCl2EIWd,3.486206
QOl6ZYr7,6.8740234
vCf8TVql,4.596924
NDP8xVJB,3.987793
O5UhijtV,3.0410156
4uDIVJfb,4.095703
3BmMZIw7,6.8896484
aSpWy1gD,3.0179443
Uh2xHBDM,3.227539
Nr97g0o5,4.0039062
v4xka9Xs,3.949829
rCdTzoQg,6.590088
AxL90iEr,3.059204
XHlyCeDY,6.387451
bru6oAB9,4.3789062
bh3FWK9E,3.968872
bYQwPl6e,3.8891602
lBmuvSgU,6.89917
wL4DUQW3,6.881836
yUTlfZsN,6.874756
Fdr1DXv8,2.9666748
iHn8YOI7,3.0169678
BReFiIox,4.9958496
L9hdmnwt,3.9587402
xunZ0ISr,1.9995728
avVIXeiF,2.143921
kYUfgKH3,3.8338623
DLn3ycHg,3.9558105
lCDOHYuV,2.0238037
ZW48LlmR,5.6657715
Hnly95Fi,4.938965
UnTk0cQD,3.9523926
OEsxTYyc,6.8825684
nKbdNwq8,4.0803223
hj2ouKON,2.5648193
fQkoNJT9,3.5778809
KsWyvXTS,3.9840088
rj3yCOpX,6.8222656
zjAXYikP,6.9123535
9oVSQAsG,3.2976074
dolCfpTV,3.7508545
eEDV6KPf,3.9527588
aPm9otlM,2.0072632
JpyGPFc7,2.0787354
B8yI2dfU,3.2767334
hitvfQCw,6.928467
ThjnfM2F,4.0545654
EDICcjG8,2.0184937
vd8yA5Ib,3.9783936
GxsP7ohM,6.550293
kiBNQwdl,3.857666
Uhnw3fvJ,5.189453
mzaZeloY,5.4555664
fAQbUr3W,4.2854004
IJOvHg5V,3.014038
SzuBnHCq,4.4257812
IZbY2i5e,3.1013184
1IAWJUfO,5.272217
c8Pm4vr5,2.0091553
Q57AkIDR,2.031128
xIkXvimT,6.8688965
tjZ6wu3b,6.8935547
GuOnfwTg,4.744751
yehgvWHF,2.977295
uQWLfSop,4.5185547
n9FJxSbm,4.046875
mc8HgfKW,3.9891357
4KQrgWVS,4.019165
63oRm4g7,2.0288086
xCqNY8aK,2.104126
NQpTPWMZ,2.9537354
mw6B0vjL,3.0576172
hOsXx9L8,2.9085693
8t7DSiQY,6.8691406
Mhu32dV4,3.029419
sIkAZpGt,2.8754883
jpATnikz,2.135254
TBhAuCad,6.8408203
ER7alsiV,1.998352
uA4pZBc5,3.9693604
8fVFJxhI,3.8892822
ZKxXaSCk,4.3413086
tZxLgWse,3.0650635
MoiH01ck,6.8588867
9acSXJ2H,3.8648682
lRqv7ywZ,6.9084473
lP3AQ6Fa,1.977356
YVXNr1pF,6.8935547
7KIYWbql,3.1722412
AayKXwUZ,5.868408
rwtD0cI4,4.4260254
BdoQkny7,6.869873
bldS7Kg6,3.9421387
jRxCybZP,4.151123
g8SJ0hRK,3.1121826
auP8rwWN,2.0112305
Z4sGUrlM,5.2956543
RsZxnvrq,4.037842
qGiSw2D5,3.0812988
fAUMw1We,6.8725586
ouid0zA4,4.6326904
wIHnrmdT,3.7314453
vbFNzHte,3.08667
f1nIEl5Z,3.0341797
f7pmGyou,6.8344727
1ZOgYrTq,5.0810547
D8qRuBFt,6.8442383
ilO4g1J9,4.5168457
iXG8vVLJ,2.2185059
PbG1nZa7,4.107788
RI3hot42,4.012085
KSmQPrfk,5.373047
VGuQCTt7,6.3117676
RkxANdgl,3.838745
BqfF80DT,6.8425293
0aId4rXj,4.005127
jdyYPLW6,5.012451
y7GDowup,3.9945068
3Z9gbAzK,2.0185547
usIYWOz5,4.0006104
VSftJOs9,3.9438477
j0sAdTIR,3.9682617
9GcP2oKv,2.024414
EOCjU7oP,3.3743896
gHpueayz,2.0620117
Zy9tVqWg,3.7626953
UXWtk3g2,6.8410645
jCnxAf4m,3.973755
VHoXBCSm,4.4645996
fPJHgEOi,1.9879761
tfXYrWRC,2.0
eEjcQnUV,6.880127
pwlBLncu,4.3415527
u6pLFgxA,3.0531006
qdwDvbRH,2.0303955
OfbAEaHe,4.1816406
5FxNw29h,4.526123
QRPDwGez,4.564087
DOKU7wEe,3.8865967
YO8VEpoR,2.996338
a9mRZJeO,3.9798584
JSGDXoFi,3.9351807
hwDrknf2,2.848877
ihJlXr2C,2.0175781
mjbutsS1,3.7017822
CNkDnIH9,2.1000977
cdp9OQFD,3.2415771
sv5WP4GA,3.3133545
87JM5GYh,2.0804443
mqa9wGhj,3.2889404
6LpncJHj,6.5563965
W0KCuq3z,4.1411133
nACarBKo,2.154358
G3AW6oMt,2.0301514
GTJiIgqj,4.2226562
DkKlb8w5,6.8691406
X0eG2KN3,6.880615
ft7ayVCk,6.86499
GYEziT45,3.701416
C9Q2fxWe,4.2382812
K1N76yrz,2.0692139
0bLz8pAk,3.7041016
7KnIFqDB,1.9494629
OUHmpf1x,4.1535645
rzvj5x3c,3.9592285
OZs6H2EF,3.9783936
XkW9N3eY,3.399292
E6C8lu9J,4.0771484
9hHprzmq,3.548584
sMvR1a9l,4.6186523
PN379F5a,3.7999268
tChIi5aJ,3.8961182
6zSPitmF,2.9847412
sQgaULWA,4.000244
wjNXST7d,3.5600586
ZvlASKTJ,3.987915
nowHvuiP,4.0306396
lo1gWscS,3.8580322
MozGj4Xx,6.9245605
NMiG48ze,4.256836
M3LhsZQk,4.0093994
hjvT7PUr,3.2468262
rTxLUHBe,4.0927734
HlpbxTqe,3.8190918
gKjlv79Z,4.6188965
T7RDjxGu,2.517212
rZBQl03e,3.0717773
UwBycsZ6,4.439209
28Y1RXJr,2.810913
ShnHwOy3,5.531494
zlR0LoMk,1.9907227
9wgEUTYL,4.147339
iG2vjO7D,3.084961
3X4ogbaT,3.9490967
1SfcIZgV,3.0352783
pVmJjWTc,3.0114746
aY7dyivw,2.9384766
9bro8DFH,3.8249512
TEQoyj6U,2.0465088
1w8sy7tT,2.9898682
S36WTjYu,4.135498
Y6wvUkzF,3.9279785
zCXaHkp7,4.8432617
45VXDExS,6.642334
buwYMvAo,3.9868164
FC3xiH8Z,3.7891846
l3E2LNJS,3.1732178
CUVYXRvI,4.27124
t9i7hFap,3.5838623
jzl90eFn,6.23584
1EJhgrwD,3.0129395
jFzqbIud,4.007202
s5NzUM1G,4.5490723
R7rgbecJ,4.476074
KeacGpOl,3.086914
6ONoqmUW,3.130005
WaVzUwuY,3.8927002
PEA243Jp,2.9263916
I3OrXjmy,5.4260254
m2GcSwfZ,6.863037
ETGS4WlP,3.8817139
JWHtMGzq,3.0236816
qoCGpUWH,6.8515625
s0FKtqWZ,6.8867188
PLH0Dvd6,3.0166016
7ZFj2TOc,2.8621826
LXUzMmTc,2.3255615
UNil01xM,3.4996338
MlfUA1dE,4.0007324
dCMqnEOX,2.8095703
LNBjDhtT,2.0111694
vCjNu4S7,4.5251465
RKiBj2lp,3.9085693
7ZSimMJh,3.6290283
tsIcgh26,2.6033936
zwvuBXJ6,4.10437
tyCKx98D,3.1322021
Gt5reUn2,3.9796143
i2JT4zaQ,3.0238037
9MLrZ7lw,6.8615723
O9kXpVmD,3.986206
Unixm4yV,3.9904785
nmK8Qxz9,2.5806885
qApzcxfo,2.3929443
tqiDEAgJ,4.2474365
w1Nfz0AF,2.8442383
EXh2qGbU,1.982544
lxvanW5z,6.849365
Jjb5D3CZ,2.0083618
G7HegRcm,5.6123047
FH3ZRsEX,3.642212
U3T01hNH,3.0561523
64ZqKX3A,4.026245
YetIlFbA,2.0006714
tiO3sYwK,6.4555664
XCzqKlIj,4.951538
nME9zby5,4.5510254
VpTUCgRl,3.642334
EefDpxbG,3.9674072
Da4XIfPc,6.8933105
SVxFlCjp,3.6687012
8wXBgFz9,5.1064453
nN3GQ4qk,4.7304688
oXvQK4ij,4.8918457
47ugfVSB,5.2338867
nVJpFLce,4.1499023
SudOJ25B,4.1204834
o4wPj1Ea,6.8671875
ZCbu7ULD,3.5563965
0JHmexwt,2.0274658
vEGCUKay,3.975708
dKc3tasP,6.1953125
rZjDJCx5,4.5976562
gPZRknjb,4.1206055
f1OaH4M6,2.0946045
ecIGOqv3,2.1240234
pkNUzfQR,2.1541748
B25sc0VY,3.076416
byuQ5dBa,3.8842773
nkvecaTJ,6.736328
v73DEXLR,3.9573975
V8Ue14tv,4.0285645
ToL1v6pF,6.914551
6Q1vBdFa,3.9620361
s6UA85Q7,4.7851562
DsMpY0cB,2.590454
SElBDktK,2.0239258
8M53z0oE,2.3027344
KVBM5fqT,2.8450928
xWw56OB8,3.4830322
o91VzWfp,6.854248
MB5tzTQq,2.9588623
KlWfZwTk,4.0074463
OyXcfH7J,6.192383
vPreMz5w,4.2370605
z0ub9FyX,4.0827637
RbEAPoY9,3.0302734
ywLsTgtz,2.1582031
5uOL8CVd,3.7114258
vGbM0kwx,5.4506836
t45DiCQO,5.156006
xN6nliMj,3.018921
BzUcapub,2.7823486
1qjcNfT6,4.2492676
BV0JdOcK,1.9897461
Z0ehtXsz,3.8618164
DvJXBPmp,3.814331
B5sY6qrP,3.9459229
e2CUz4nt,6.6098633
RwLKhngB,3.1900635
73ztVijS,2.859253
Jv60wE1F,2.050537
pn09yCZU,4.1932373
oyMiKWGH,4.044922
5iX0JLG1,2.0247803
ZybaC3eG,4.529541
36ZKowDf,2.8068848
j87W2Gws,5.277832
u5rp81GU,2.0512695
8cowklBi,4.0177
YLgnMrQU,2.0166016
Lx6RTvJ9,6.763672
nQ3AxvHo,3.921997
5wnjJVAb,4.192383
Q76AOydx,5.5979004
cloeSVhE,3.9501953
Qq2SXfw0,3.9310303
4QtX5NdS,4.0076904
g7xSiaA4,4.106201
adbqEj59,3.8969727
sdVFxXcJ,4.4560547
SC73YGUh,3.4689941
naObywDq,3.956787
62ptYAPh,4.0742188
JnIi2U8k,3.9119873
4jCnX235,3.703247
AtmQgefu,6.543457
sVP5KgMz,6.892578
4HIe70ub,3.0533447
4K9btANU,3.9534912
073SXqRf,3.8446045
pAToKG6J,3.4638672
OG6giCt4,2.7253418
y4zXrLDo,3.9482422
UzFD8nOf,3.47583
iZSEHzU4,3.9337158
5RrxzoM0,6.8532715
0ydZiSqe,2.0309448
1ElUpirK,3.0263672
JaIGXgmQ,3.9471436
FDHvu8Ad,2.0217285
HDbUMmVK,3.8261719
M2fyQ4x3,3.8359375
rfDEQd82,3.7575684
pB2WTZq5,2.0125122
ib7ZMmSd,2.796753
pBZISn42,6.7851562
cGWIvBlA,3.9638672
9O6Rbeqa,3.9956055
Sj5Tuo2n,3.7629395
Dx3PSwgO,3.0203857
DVx6bn8C,4.006958
T0t5PVXc,4.11792
1fgP5dTq,4.9108887
9iEQjGyI,3.9621582
y6wLaMxZ,3.996582
KeiGpMyo,6.628174
3UV2TWGD,3.0059814
O8sJAmrS,4.649658
Vi4z1GPo,3.8574219
Muj7lD1G,4.7160645
5PNK8Ihz,2.3719482
FEVaxGJm,3.9162598
chNg8lT4,4.1640625
fFpw2evd,5.790039
osDpdObR,4.426758
0RcPltsq,3.8173828
FeBMZNzQ,3.7316895
WeatXVR9,2.953247
Boerkf0H,3.7750244
6gpLi79f,2.9398193
aK0mD8TG,4.3654785
MIJ56xcS,4.8308105
gHPVopD6,3.7318115
csrIoBbT,2.0559692
IfMSbj1a,4.8010254
rV7du6nH,2.595581
qmMuCSV9,2.0604248
LrmtS4Py,6.843994
bEMsUDL6,3.0290527
sjchbnLZ,3.5981445
VYO4RkWa,3.090454
1TAXz9u3,4.880615
BeasmgY3,3.977417
uWky70vK,3.4019775
nLsRm7bc,5.3620605
BXnvgta7,2.0322266
FOsxo59g,3.5820312
nAdikEsF,3.9388428
P4MC7J53,3.5410156
WfVUIqPt,2.0512695
izQC1TYE,4.3012695
1VDGxUy6,4.0839844
P6ue3E4L,4.74292
263PGHQc,4.36084
d4P5CkZI,2.9887695
RqlJu8rz,1.9793701
nlCAQNKb,3.3703613
iFIUaBST,6.512207
WiU2tesY,1.980957
KTR1qy0x,2.0267944
0Btl5rbx,2.0160522
A451voVj,3.4730225
eDTHL7dC,4.9421387
GhcJ9Z4D,3.8677979
vh6li5g3,3.213623
dWwD3fCi,3.5059814
SCTjquE9,2.529541
Qky8MZDh,3.276123
xTKpVvow,6.701416
U3n4qT19,3.8395996
yquhxOEQ,4.509033
gMSFJ5UR,2.999878
qFEUtPO0,3.9680176
whSMgBfz,5.0566406
gSa1ykz9,3.062378
JSQy26tw,4.051758
YGn3c2Iu,3.046997
ricCbaOt,2.0500488
34PWylzF,3.9122314
9eogSGAm,2.0952148
vPCu4mML,4.315674
jBZ7OpNC,4.287842
bqDtTgXP,4.291382
JMA87uqO,3.9033203
tziDdwo4,2.0131836
bSZyC9xR,3.0922852
OtQsHIkT,3.6938477
UHFCcMWV,3.9417725
GLfkMX5u,2.0059204
ZQG6Rupi,4.5549316
5CDKveGk,2.0319214
FDu3owjg,3.9990234
RgOcCaGd,5.763672
1pZjQ2Xq,5.475342
D1oyJMks,4.657715
ArchPj9U,3.066162
HTLARErD,6.8791504
E3CYIFLu,4.335205
rRUtYAgi,4.677002
0kuVfrpj,2.0059204
BrSgbOu7,6.833252
Waphz4QN,3.9803467
V2Oros3S,2.9769287
BgD7XwYc,3.9898682
vkV7JEuX,2.6322021
b6oQyNW2,5.4072266
957HdhKq,3.5150146
HghAMFQz,3.0305176
IYstXwG5,3.3388672
lHxyWJ8E,2.1187744
HwN1MEqj,4.1711426
j3yaYH8Z,3.9935303
HkNKtRUb,4.0686035
Xp6miEcy,3.9886475
GfHLv43y,2.0024414
UQSnOM0F,3.94812
9a6YPvkD,3.977417
PaIhXblM,6.8725586
UZ5Aqk2S,3.1558838
kIdE4zYX,3.878418
yK9AFlxr,3.7907715
2CLDlbk8,2.9315186
FIZm5cNJ,3.7751465
iUTtc8ZB,3.9820557
7CiGZNQw,3.0411377
YKeWqoZQ,2.78479
90L8sOUg,2.9595947
Nb9QEh0X,3.940796
RmhFyxDI,4.0045166
k42VHljh,3.1330566
0dlqzp8n,1.9963379
rk7bImnH,3.9692383
yw960IC4,4.2143555
L5oSnsVt,4.4970703
KPwz5aRe,4.0411377
IZqDXjAw,3.8879395
C5UmopQM,4.1256104
HqFCuDtp,4.0340576
ju4PTai7,2.7595215
qL4dHXTp,3.3565674
dBTHNSzx,4.0889893
Uzb84ncx,4.1867676
zsYJN8tm,2.9986572
70PSDoWi,2.925171
7GDJuxFi,3.5494385
RXhGab0P,2.092163
HlyasmSK,2.4508057
Q26oyZgx,6.663574
5j0wvHbI,3.0059814
QjeD0say,2.9848633
Ub3SVd8H,6.5581055
nyLbQfxF,3.9747314
B80NZrtK,4.022827
EIby4zWv,6.8757324
eAEsWrbu,2.9875488
kyN2rCd5,3.739502
OLDFRmz9,3.9155273
GQoZYySD,4.0872803
KGOX4BfY,2.6832886
KjEZeXLW,2.1505127
3sl2SBj7,4.673584
HPuosZkf,6.1723633
8OZKFLja,6.91626
MS1iNC2z,1.9907227
XmQ4Oo0y,3.9863281
bWvctn1C,3.8336182
tJix0VTf,3.124878
5mENbnZT,4.965576
Vu0XHDBZ,4.6345215
GARSgETk,3.0482178
s4RvFdyD,2.0841064
VF3Nq27f,2.5877686
6KZf24mv,3.0285645
YW7qsOSL,3.9682617
KD5BjnIF,2.00708
aYEOGr0M,4.170166
2niv8j5G,4.0649414
vFZ2WL5X,3.017212
ULIC1pqO,2.0214844
5SD9ikrG,2.033081
XxzapZ5O,1.9724121
SCPu5E02,3.8065186
aPq9C6b2,3.934204
wO7HyqdD,4.005005
mT9DANPg,2.3521729
Ku2hGgji,1.9951782
l5iDRnFz,3.8144531
umOtojXV,4.2977295
zCumrBgx,3.1661377
q4PtiW7I,3.8840332
63PIXwaf,3.6694336
5pyN9rmY,2.9134521
lK2dHVug,4.1151123
ACuBZyIX,2.0335083
40EdkHIJ,4.15625
CkqIOnQA,3.0841064
lEkC9730,6.7475586
7hFGn02a,2.4002686
oEBzbWtc,3.91333
TRUzliGS,2.3648682
bkFW57QT,3.7283936
1xSZ38oU,2.9836426
o7Jn0MLR,3.7141113
bEvKQlAO,3.8027344
C3FA2bIg,6.83374
Edx50WBR,6.916992
eca3U5rP,3.6380615
nomvO9d4,3.8746338
gVLAlxpH,5.086914
hx6Pe2fw,3.0029297
NlWZXm06,3.925171
R1JfUZGK,2.1345215
1IHPsW2h,2.9973145
ota4b1hW,2.6973877
9SdvzZ1o,3.953003
8Bgj5wkQ,3.897705
XDIeUm3J,3.0021973
LSFsWG0t,2.0216064
PuhTMbGW,3.1485596
WwyRcMA6,4.161499
8Z7YaHMy,2.9716797
bPExTL0A,3.664795
CDyn7csA,6.8359375
jn9Pegvy,4.413086
VRq2lPsj,3.241333
K9ZdR32r,1.9857178
1QNc6A4k,2.3897705
MntwTmOL,6.4089355
HwIvaoJ2,1.994751
WFv9P2bZ,3.89917
TYokPZ2C,4.0375977
nRX1Q7fj,2.8597412
xpPRDrki,6.8793945
JIOq6ZQ2,3.0457764
i7BJYw2d,3.9593506
xATL6BlF,4.7160645
ksFryQ8b,2.0183105
jQI4mKHi,5.6601562
LUCfj1ks,3.9885254
NSneCVfh,4.2338867
1FINKhcV,3.7354736
gBWi5e2U,3.1810303
N1R0YtnU,3.98938
DfZ8bSWd,2.970337
J8sqQk19,2.923584
Gpv1ntYg,2.0427246
536vFK0B,3.9394531
LQaOVX6s,3.0783691
UjC08AoG,3.4766846
liU5brAP,3.0299072
S1jR6Qc3,6.9194336
ZGgI7Qcw,3.0007324
GbU8DunW,3.8859863
os9jIiCd,3.190918
YH924BIN,3.048584
c7W3GtwB,6.430664
Q9uKq2aM,2.0203857
IQPCJyzO,3.920166
RC3kjdlF,4.416748
wOToWNIq,2.0479736
GdzimAtb,3.4174805
FikPlTvJ,2.8670654
RcLXy0ng,4.111084
WoZIryCM,2.0004272
p9cEAJsy,3.7200928
UCRKPqrw,1.9820557
HwJ75nTp,2.90271
IjxNAb01,3.9553223
GnhxkbcE,4.0473633
Kv2guLqN,4.1416016
1Ezg6980,3.9066162
u6itBabk,2.8702393
5OAhwx6T,2.7763672
ZnqgTFN8,2.4267578
Uzo0C2Z3,4.130127
kibh7ZPK,4.081665
sTwIqbVM,4.053467
9qHlarc6,3.625122
PBGMUScQ,2.017456
45KzZq3o,2.0788574
kRxHPLNl,4.4450684
BYdVQJju,3.0810547
ZiJqr1NK,4.6660156
y0uJrFpK,3.911621
z6Uv3VsC,3.022461
PGn9dH2v,3.9803467
R7jzFTMo,2.020752
JFjPlVQU,2.5672607
hBRVkI73,5.588623
SEVkNMgI,5.564453
nxXyTogD,2.989746
59nMZckj,3.9509277
uFUDbSt6,2.0040894
xru08pOZ,4.03125
uYJBVR9I,4.379883
usbhWY8x,4.0161133
8OQi74Ax,3.0327148
QSZfCK59,6.7790527
N0pkTQyo,2.0044556
DIXwWOH0,1.9689331
hKrOuvwA,2.0108032
BlXV1GNY,3.9681396
Nj5C1snK,4.3286133
fr8hKNJP,5.7158203
DCtMnxTS,4.111206
4Mwh1IVA,3.012329
fn9LuAWz,3.9139404
hGn4oFPN,3.987915
OBQFVrmc,6.8862305
l7VMfr14,3.9492188
5lmbS7sx,3.859253
ZNB9y6kA,2.0008545
obHvESjq,3.1837158
s21yIXCe,4.463867
ZXWO1Pnf,3.9685059
3kHaGSEc,3.3205566
PSmZFG2n,3.0600586
CihpsMjL,3.5305176
hYmtAlZn,4.263672
fOi7wJ4C,3.855957
Zfbhav27,2.2161865
hFDZSCEG,3.6922607
m6R21han,2.0864258
XtyFqPQA,3.2418213
KdsPbH7A,6.5947266
MVdpgB75,3.996338
5WOB49Eq,2.8083496
wTVk2OeX,3.1729736
uvXn8SNx,3.985962
l3YbhtHO,6.5336914
MFqyWOVs,3.7827148
GDxRXyqn,3.4417725
c7RdJeBi,3.9838867
D1clAqkx,3.970581
ugc7oJWh,4.692871
yS93ezLf,3.9938965
UVy8xZce,3.3276367
ZvEbolhD,2.0880127
TK3RCLhZ,4.052246
UlJTNdqV,2.0424805
c5U3ftHe,2.967163
q7xtyX4c,2.9468994
IpSt5a2J,3.2159424
EgysqMzW,6.083496
3IbwG6AR,4.056885
WXThmvR4,5.4680176
07UoE5tI,5.949463
jt083Ovz,4.059082
RXATBC4W,4.8444824
VI7PhxLZ,3.946045
6rGUwBSW,3.9884033
zOciyK4w,2.446045
vCyUEI5m,3.701538
1Hhcnl0i,2.0211182
KB85iGOy,3.072754
uge3wZtF,1.9906006
qlo4gSFO,3.1066895
RjHP6Qvn,4.1156006
YeEkUVJK,3.0064697
uvAmVRks,3.925537
gyY1FnPB,3.980957
cwg95Tbd,2.0319824
RZw3QfjD,4.29541
xoTyih7B,2.0689697
vSFoAf9G,3.9781494
H9UastWl,3.9959717
lXiDhZGC,5.403076
F0VDr9Zc,4.069702
3Fl5H12A,2.0073853
Olx7gipM,6.8728027
